filename,Mouth,Nasal,Skin,Stool
ID_ABHFUP,6.210977304743501e-05,0.9994901637153797,4.70202807928802e-05,0.000400706230780024
ID_ADBLNY,5.665020116153646e-05,0.9996119060412456,3.841471992139061e-05,0.0002930290376714551
ID_AFAEMB,0.9920921749495278,0.00027561589302632606,0.007395654318547485,0.0002365548388982824
ID_AFBBWK,0.9997953271421883,3.5659153535230514e-05,0.00013908268347939703,2.9931020797051562e-05
ID_AGHEZK,0.9989262997474574,0.00013265776107936332,0.0008243483524082521,0.00011669413905499438
ID_AGKIYB,9.780293738176955e-05,1.6168476037383407e-05,0.9998718435214768,1.4185065104027401e-05
ID_AIQHUX,3.9289661082827216e-05,0.000555316775651462,7.374876168141993e-05,0.9993316448015843
ID_AIVFAZ,4.089026670834359e-05,0.0019394997912952161,5.377612924438283e-05,0.9979658338127521
ID_AJCBOB,0.0001018650666387034,0.0030448915205666498,9.503089888453014e-05,0.9967582125139102
ID_AJGVTS,0.9997274235599057,2.976328505091478e-05,0.0002170013849636027,2.581177007972267e-05
ID_AJKHOU,4.19063392222967e-05,0.9996088625122345,6.474115483184344e-05,0.0002844899937112874
ID_AKDVQI,8.590195290718362e-05,0.9994033024579528,4.521668941594192e-05,0.00046557889972402425
ID_AKIAKB,7.87879316780147e-05,0.0010086805139864709,7.014877375301055e-05,0.9988423827805825
ID_AKWSZD,4.773203284490132e-05,0.0007335429057967392,4.0021387064245755e-05,0.9991787036742942
ID_ALGOGQ,0.00010118455244294988,2.8956967757141817e-05,0.9998433033020386,2.6555177761253023e-05
ID_ALHTER,9.066203082320366e-05,0.0016909637293887091,9.609771316573476e-05,0.9981222765266224
ID_AMSOXU,0.759068129122792,0.0011934845311876098,0.23869640846527274,0.0010419778807475785
ID_AMUYDZ,3.884184549812718e-05,0.9996009904151452,7.346324310763528e-05,0.0002867044962490586
ID_ANSGID,0.0021449359484672186,6.652774783668801e-05,0.9977346040777355,5.393222596066421e-05
ID_AOQGWN,0.0006418331091740577,6.188332992760096e-05,0.9992349984915392,6.12850693590296e-05
ID_AQDZLZ,7.673364286099874e-05,0.9994594444401111,8.213681505772924e-05,0.00038168510197010303
ID_ARCTEP,6.740248392524618e-05,0.9995201796846676,5.712670170887802e-05,0.0003552911296984716
ID_ARGCHE,6.280090562002336e-05,0.9995702513731987,8.532206653206132e-05,0.0002816256546492094
ID_ASNCNV,0.00014875192058429946,1.4963987015885068e-05,0.9998223564958854,1.3927596514536797e-05
ID_ATFRKF,0.0005049876578415758,0.9891619578261661,0.0004133158053786573,0.009919738710613621
ID_AUPWYI,5.9524252601925604e-05,0.000705683903162991,8.185009066533868e-05,0.9991529417535697
ID_AUUTWM,9.986145349693273e-05,3.350466422776173e-05,0.9998363217451255,3.0312137149711995e-05
ID_AVMUKC,0.009680692624012688,0.00024344795311363675,0.9898435942790763,0.0002322651437972747
ID_AVZMAJ,4.9675486698553625e-05,0.9994973927154447,0.00010886894020238124,0.0003440628576542994
ID_AWDNCQ,5.9839004773085214e-05,0.9994965612235203,3.756231654116324e-05,0.00040603745516542314
ID_AWHBEB,4.229522071152884e-05,0.0017613849047662135,4.942863551685452e-05,0.9981468912390055
ID_AWINYS,4.000475318075572e-05,0.002123597419484949,4.87237603711811e-05,0.9977876740669631
ID_AWUOPA,4.1189196577045516e-05,0.9995852708591083,6.987220893504304e-05,0.0003036677353795252
ID_AYOAPD,0.9990562797549514,5.062087184928944e-05,0.0008544799052700111,3.8619467929285953e-05
ID_AYRSVB,0.9997517069125417,3.477610667007293e-05,0.00018415594886424065,2.9361031923927178e-05
ID_AYUWST,4.5006368820171793e-05,0.0006373072797670103,5.81205329095324e-05,0.9992595658185033
ID_BAFNRW,6.301411601085846e-05,0.0016294575980909435,9.057691865940737e-05,0.9982169513672388
ID_BBHQDM,0.00010659866129564453,1.6347175354124814e-05,0.9998627123134497,1.4341849900417449e-05
ID_BBHZGN,0.9961847167023573,0.00019984371385968385,0.0034634571372470536,0.00015198244653586484
ID_BBZYDO,7.145024793683583e-05,3.064596456292219e-05,0.9998689582664907,2.894552100951411e-05
ID_BCGAMY,0.08623796163587553,0.0003438424333391103,0.9130380072645959,0.000380188666189426
ID_BEHPUD,6.984516474454615e-05,0.0008689108059279386,7.334491448100941e-05,0.9989878991148465
ID_BFALNR,0.997180976546348,0.00018012436164947137,0.002485512950701694,0.00015338614130083782
ID_BFHWMT,0.9989734763877579,5.6594445837173116e-05,0.0009205015115282399,4.942765487651481e-05
ID_BGAGEX,0.0001442609893660524,4.572325103575506e-05,0.9997636099948162,4.640576478196535e-05
ID_BGAQPG,0.05266611674292462,0.0005802989976767973,0.9461126115940139,0.000640972665384625
ID_BGUKXP,4.899605206194227e-05,0.999618371947392,6.0406970410458394e-05,0.0002722250301355347
ID_BGXBIY,6.326745553722371e-05,0.0013244391139191794,5.275614179396898e-05,0.9985595372887496
ID_BGXNSA,8.775728504325173e-05,0.0010534034963014826,0.00016382815512149335,0.9986950110635338
ID_BIVMAZ,0.9988229192140065,3.576555457883766e-05,0.001110173304173368,3.114192724132405e-05
ID_BIZXXH,4.9664809757990266e-05,0.9995969749781141,7.96031722722825e-05,0.00027375703985570366
ID_BLOYRU,0.0002438242530569941,1.575733827361536e-05,0.9997261302382445,1.4288170424873105e-05
ID_BMLXGW,7.58987722995303e-05,4.367898414145023e-05,0.9998427940074811,3.762823607794893e-05
ID_BMMBCB,0.0003954144182587356,2.783970604622123e-05,0.9995504011367422,2.6344738952838275e-05
ID_BMOTBZ,0.9998988215930907,1.504506373270286e-05,7.348782358343978e-05,1.2645519593109873e-05
ID_BMTDZO,5.074028687090978e-05,0.9996236229707179,4.4060418285372276e-05,0.00028157632412575593
ID_BNMXEV,4.529348926395707e-05,8.242760298443918e-06,0.9999386069461035,7.856804334088504e-06
ID_BNPBKM,5.124761825152957e-05,8.07662857504632e-06,0.9999335898933578,7.085859815724434e-06
ID_BNZPZI,5.720397069783412e-05,0.9996098078075208,4.223958510057204e-05,0.0002907486366807629
ID_BPZJQD,4.307993969665862e-05,0.001652730698206986,4.9075648650472365e-05,0.9982551137134459
ID_BQALZS,0.8038838111039569,0.0017832701392788534,0.19297673047787162,0.0013561882788926526
ID_BRQVGL,0.021866069330564963,0.00030529682875188926,0.977531752953707,0.00029688088697618707
ID_BRXQMI,0.0005393151777333193,6.0762408235873266e-05,0.9993419511331332,5.797128089764577e-05
ID_BSCLTL,0.9987785729529115,5.175868696970139e-05,0.0011260871906334474,4.358116948528198e-05
ID_BSFZJR,0.0002395470775429889,0.9980249994575455,0.00020085584744112254,0.0015345976174704087
ID_BSKTJR,0.00013066317468715,0.9974729641413115,4.139892535326277e-05,0.002354973758648175
ID_BSUSJN,0.9874670234369801,0.000691315315439136,0.011270771525308794,0.0005708897222719627
ID_BTVXGK,4.016554524020628e-05,0.0009716511905364878,4.021465200524532e-05,0.998947968612218
ID_BTYEBT,5.401352616205705e-05,0.0007607121321275863,5.382417510524133e-05,0.9991314501666051
ID_BUHWGN,0.9874612578970076,0.00012454145140227107,0.012304500817477346,0.00010969983411273451
ID_BUTTHJ,0.0005007328298155852,5.264005929739689e-05,0.9993998361449453,4.679096594167258e-05
ID_BWNYHM,7.035362187540443e-05,0.0008243386440898292,0.00010840293378672157,0.998996904800248
ID_BWUYYP,0.9997637410556296,3.5161066985364315e-05,0.0001703893944461105,3.070848293888632e-05
ID_BWVHUF,0.996903883469917,0.00014696494457947881,0.0028240025503339016,0.00012514903516957436
ID_BXBUWW,0.00222627259839907,0.00011115065713305106,0.9975742041478146,8.837259665336704e-05
ID_BXGPNO,0.971057739592528,0.000273986734559796,0.02842319221334154,0.000245081459570794
ID_BXLGGU,0.002931572521859292,0.0005954161549529794,0.9958921052453212,0.0005809060778665335
ID_BYAFED,0.9716544583411281,0.0005787455390288631,0.027268817791121207,0.0004979783287218811
ID_BYCFRG,0.0001479654928017874,0.0010285960740898815,0.0002262258658535417,0.9985972125672548
ID_BYTEUW,0.0005443437772501144,0.9963765793396878,0.0001729163879702994,0.0029061604950918266
ID_BYYXZS,6.828656417297001e-05,2.586438084506412e-05,0.9998814896507066,2.4359404275374054e-05
ID_BZILSP,3.793224380785928e-05,0.9996183012317806,7.21985510563806e-05,0.0002715679733550041
ID_BZSGLQ,0.99799893655362,0.00020688105467972203,0.0016358224322298295,0.00015835995947042805
ID_BZUXXM,4.279166720797428e-05,0.00039046655454887195,5.7041127978548696e-05,0.9995097006502646
ID_BZYPZI,8.264626713420634e-05,0.0009447695804105453,0.00018350237553001325,0.9987890817769253
ID_CAFLUD,0.9988818937969143,0.00011712829897537149,0.0008996773504922666,0.00010130055361811249
ID_CAMNHK,4.34547794524545e-05,0.9995544021371511,8.290583896767035e-05,0.0003192372444287495
ID_CCCVPZ,4.333481100101565e-05,0.9996003441101378,6.725055675500097e-05,0.0002890705221061304
ID_CCNTTA,7.713112391884306e-05,0.0013123841786328032,9.488878392872123e-05,0.9985155959135196
ID_CDWNJE,0.003726171635805145,0.0003019145847005113,0.9956877466088516,0.0002841671706426359
ID_CEPPVK,0.9992570841870957,7.49907666237001e-05,0.0006065916951354368,6.133335114521003e-05
ID_CFQAKO,4.149009349054593e-05,0.0014583763965511694,4.153246620148371e-05,0.9984586010437568
ID_CFTZNA,5.713557262683396e-05,0.0015250345426471915,5.301307129497053e-05,0.9983648168134309
ID_CFUAPP,5.511415485372317e-05,0.0011785299139542504,5.394496872912218e-05,0.998712410962463
ID_CGQXZL,4.916357174542538e-05,0.9996164806454336,5.7610509145201605e-05,0.00027674527367564276
ID_CHLDYV,4.044101011313144e-05,0.9996111920946389,7.313103617189041e-05,0.00027523585907602926
ID_CHLUGJ,0.0008514953297001488,7.075516333205221e-05,0.9990129424966936,6.480701027416767e-05
ID_CHVVYY,3.9855349692993736e-05,0.0005034755938287929,4.456597233505378e-05,0.9994121030841432
ID_CIGUQR,0.9982630580056409,9.236107586050102e-05,0.0015668772317516538,7.770368674700397e-05
ID_CIQIKP,4.186213859777204e-05,0.0005590688852067181,4.1041040247591164e-05,0.999358027935948
ID_CIVPPF,4.933209936787247e-05,0.9996281861990288,5.0146571202526234e-05,0.00027233513040071845
ID_CIZFBU,5.3425703696532595e-05,0.0015414066011079602,6.710628701889223e-05,0.9983380614081766
ID_CJIVXL,1.978001797332364e-05,1.4071742720275935e-05,0.9999518997677626,1.4248471543936073e-05
ID_CKYLDD,8.709861675838793e-05,0.005489203693763012,0.0001011600062534986,0.9943225376832251
ID_CKZWMZ,0.998708296740041,0.0001323051538961892,0.001059528602429885,9.986950363286976e-05
ID_CMCJKR,3.805486338946259e-05,0.0006040086675036139,4.6110530633781934e-05,0.9993118259384732
ID_CMJWBS,0.005609454736015188,0.00012504493841480557,0.9941491158836516,0.00011638444191841499
ID_CMXVYQ,0.9977233058003458,6.0868123894874314e-05,0.0021652824864987303,5.054358926060134e-05
ID_CMYHXL,5.4414371111627205e-05,1.4512899554244573e-05,0.9999170517205874,1.4021008746704763e-05
ID_CNJEMU,0.00015080919146778408,0.9980961682217827,7.775049761796003e-05,0.0016752720891315158
ID_CNVJTD,6.178128614183508e-05,0.0010225777414391488,5.489737360665843e-05,0.9988607435988124
ID_CNYSMN,3.979232681922775e-05,0.0007817595830684507,5.403686722393508e-05,0.9991244112228883
ID_COAYXA,4.6875123650802916e-05,0.9994511536694097,0.00013255979263200075,0.00036941141430752144
ID_CPQIGO,5.461445614295911e-05,1.289750576146774e-05,0.9999204837967607,1.2004241334936614e-05
ID_CPWFIE,0.00014526286154474072,0.00749546046673844,0.00013647585720264415,0.9922228008145141
ID_CQPBJZ,0.9998335798685417,1.737590034622471e-05,0.00013483284952011204,1.42113815919366e-05
ID_CRIKEW,6.712714478893951e-05,0.002718485352456764,9.532479220110406e-05,0.9971190627105532
ID_CRRLME,3.989249913120926e-05,0.0008054938174282372,4.867176304254986e-05,0.999105941920398
ID_CRUQTU,0.001519709414191461,5.9994755241618995e-05,0.998352452639067,6.784319149986277e-05
ID_CTBHHY,0.001492211447523278,0.00013301214298344866,0.9982495830646378,0.00012519334485544737
ID_CTHPWQ,4.069366251297375e-05,0.0007276579424965588,3.63897806397849e-05,0.9991952586143508
ID_CURUPB,4.5638461359887853e-05,0.9995198523829606,9.043856197511136e-05,0.00034407059370439996
ID_CURZNU,0.9996091484887332,4.635797494422047e-05,0.0003055292009459318,3.896433537653154e-05
ID_CVBFDK,9.604152358187153e-05,0.0020736228234257094,0.00013590867458077312,0.9976944269784116
ID_CWNXOC,4.083947270330607e-05,0.0007998257190488655,5.1972773411168e-05,0.9991073620348366
ID_CXKMII,3.817927623899108e-05,0.000468743719139715,5.799712821199297e-05,0.9994350798764093
ID_CXKXTY,0.9997498667908742,3.0962704649885085e-05,0.0001932443950278255,2.592610944797849e-05
ID_CXYITK,0.00010185197693502274,2.742663406497322e-05,0.9998464693109702,2.425207802981995e-05
ID_CYIBFB,0.00039186546077051856,6.230164618318454e-05,0.9994893400758708,5.649281717562194e-05
ID_CYRXBM,6.515326970138754e-05,0.9995839314241467,6.390833282677704e-05,0.00028700697332513194
ID_CZJPWJ,4.1596461571315694e-05,0.0004259523530778293,5.610808404765345e-05,0.9994763431013032
ID_CZUTBP,0.0038015589508890993,0.00010150589404398058,0.996016230799197,8.070435586986934e-05
ID_DAKOMQ,0.9793561129127554,0.00024540781791942127,0.020187244918032872,0.00021123435129226893
ID_DBPGZB,0.00022236359231033164,3.4268620271386524e-05,0.9997138815488528,2.9486238565512175e-05
ID_DCMDEF,4.230052749455787e-05,0.9996308338439636,5.7839059788656705e-05,0.00026902656875322774
ID_DCSXUC,0.9993552185014746,2.8982776916146388e-05,0.0005910322747299632,2.4766446879315294e-05
ID_DCYZXZ,7.516619038522521e-05,1.37275498413582e-05,0.9998982752993956,1.2830960377872411e-05
ID_DDCLES,0.0003767309294181622,3.923592172245313e-05,0.9995496103492285,3.442279963084068e-05
ID_DDERSC,0.9999015645081087,1.633066845143742e-05,6.925788021175104e-05,1.284694322819497e-05
ID_DDGNIM,0.9985250924432193,6.499096475922173e-05,0.0013550025830556163,5.491400896582038e-05
ID_DEACVT,0.00015983468562479126,0.0016121577855662144,7.492116089887925e-05,0.9981530863679101
ID_DEFZNC,0.0004882347735616589,6.151497526807202e-05,0.9993938509863803,5.639926479001218e-05
ID_DEHZSK,0.9996021949131942,2.5263140899503486e-05,0.00035130803062093444,2.123391528538671e-05
ID_DESNNL,0.00020615084615599406,4.008783420287195e-05,0.9997171242859593,3.6637033681958496e-05
ID_DFXCET,0.00010913274968352943,2.1582232633824382e-05,0.9998503503026861,1.893471499658381e-05
ID_DGIHFW,5.175542048159553e-05,0.9996087448617691,6.612977445591065e-05,0.0002733699432934053
ID_DGMYWY,0.002179668344409815,6.556751502810543e-05,0.9976972398616812,5.75242788808537e-05
ID_DHEWQO,0.00015132447911742308,0.005306527634464326,8.231928582578014e-05,0.9944598286005925
ID_DHGWGW,0.00040730543947579875,5.886997243409724e-05,0.999480878163421,5.294642466901937e-05
ID_DHZVMF,3.74818924282221e-05,0.9996082968218258,8.220185523248706e-05,0.0002720194305135148
ID_DIHNQA,0.0001912737879257079,1.881243221805661e-05,0.999773142259895,1.677151996117553e-05
ID_DJFCZY,6.532745673481293e-05,0.0008988393108204431,5.721315596869364e-05,0.998978620076476
ID_DKLXBK,0.000633520226202502,6.233623220082928e-05,0.9992474902629765,5.6653278620018687e-05
ID_DLHWNC,0.00010403739402508133,0.0017467313483934903,0.00010172706109050011,0.9980475041964909
ID_DLQHZF,7.134956004267216e-05,0.0007701702935021607,9.160897894910985e-05,0.999066871167506
ID_DMOSUZ,0.001227454749489538,3.6433391842131965e-05,0.9987054824403079,3.062941836044041e-05
ID_DPIERJ,0.9995339180000241,5.1146997056382465e-05,0.00037151589762383257,4.341910529573342e-05
ID_DPYKSG,0.0015683232257425155,8.132745436068547e-05,0.9982738024980884,7.654682180842571e-05
ID_DQGGYD,5.1319487243150586e-05,0.9996213427993093,5.2540026807537264e-05,0.00027479768664017117
ID_DQRJKX,6.461846022222875e-05,0.0008087539265459024,6.832418765515939e-05,0.9990583034255767
ID_DQSPHV,0.00042998937508178516,0.008976192125138269,0.0006449919640853338,0.9899488265356946
ID_DQYBXD,0.9949281103234533,4.835481334239182e-05,0.004978349905689925,4.518495751445737e-05
ID_DRBNSZ,0.0023432514536449824,0.0008994351217178668,0.9963378889603067,0.00041942446433044015
ID_DRCHAK,4.756498846283796e-05,0.0009234595616176152,4.845259236417806e-05,0.9989805228575555
ID_DSBIZA,4.299479711304643e-05,0.0004503562964142497,6.116046954509819e-05,0.9994454884369276
ID_DSPHUD,5.1376556743999045e-05,0.9996213334118998,4.4634572469348726e-05,0.0002826554588868521
ID_DTOEMP,4.8246599941434854e-05,1.2928516162120323e-05,0.9999269070527681,1.1917831128285047e-05
ID_DUQOMR,5.3785860733733204e-05,0.9996283276386159,4.109481881870377e-05,0.000276791681831629
ID_DVNEFD,0.0014726859651815773,0.00010060928168772349,0.9983368928666466,8.981188648405718e-05
ID_DVPYOJ,4.237772666344226e-05,0.9995486663249474,8.670078590763653e-05,0.00032225516248156127
ID_DYXRFB,0.00020129936516277472,5.608741909148136e-05,0.9996906651298746,5.1948085871253316e-05
ID_DYYGRW,0.000517147895614339,5.176870179712153e-05,0.9993841414594242,4.694194316431223e-05
ID_DZAKRS,6.372786925163528e-05,0.999496580877657,8.651255628330267e-05,0.00035317869680791074
ID_DZCDNY,0.9979717713361501,7.772891581812495e-05,0.0018826511021799081,6.784864585193226e-05
ID_DZKIUK,4.018235238110666e-05,0.9996018738838031,6.887280000784065e-05,0.0002890709638080761
ID_DZTHPW,0.9931632794125282,0.00028886550274038444,0.006295806678363158,0.000252048406368194
ID_DZYFXF,8.144186811868243e-05,0.9994603809361681,4.328918370975982e-05,0.00041488801200347116
ID_EANLQD,5.8540842684176296e-05,1.0928548578245534e-05,0.9999205817125622,9.948896175366918e-06
ID_EAPIEV,6.361206745446472e-05,0.000876597988814705,5.88576908756737e-05,0.9990009322528551
ID_EAPNYZ,0.00032465745804835083,2.720702503970411e-05,0.9996218506346793,2.6284882232553462e-05
ID_EAWZFF,4.1912528316505095e-05,1.9058459134157837e-05,0.9999182059009467,2.082311160262574e-05
ID_EBAFVX,0.9992364185457611,0.00010200799113919501,0.0005709927995887334,9.058066351100463e-05
ID_EBELWC,0.00015720611785178553,0.9992721794364743,0.00020915136055767075,0.0003614630851163236
ID_EBRDMD,0.0033340580510603725,8.922369060228953e-05,0.9965004563835672,7.626187477007762e-05
ID_EBWXAG,7.656104195166804e-05,2.7967696413904116e-05,0.9998706294480161,2.4841813618331272e-05
ID_ECKILA,3.5992805005195143e-05,0.00059995230849235,4.982968931182971e-05,0.9993142251971906
ID_ECPNHL,0.9974517326835521,0.00010653229647368655,0.0023438392121171436,9.789580785700823e-05
ID_EDUVCV,0.00022468409143635714,5.796432945122031e-05,0.9996638064598374,5.354511927495952e-05
ID_EDWVNO,5.176678561624898e-05,1.0431907580482397e-05,0.9999277229742046,1.0078332598482263e-05
ID_EFHUUR,0.9974788771460795,0.00012480894186714278,0.0022887714267326538,0.00010754248532061252
ID_EFKZYN,5.200381736883828e-05,0.0016632690922314445,4.144369229752988e-05,0.9982432833981022
ID_EFLZAC,2.0710039445595414e-05,2.5863697847705867e-05,0.9999270668771274,2.6359385579222504e-05
ID_EFRAIW,5.131433406524622e-05,9.328984046353454e-06,0.9999309990813159,8.35760057245046e-06
ID_EGCJWN,0.00010947544964805608,2.348688818478044e-05,0.999845838944006,2.1198718161187202e-05
ID_EGRLRM,5.8104942910458424e-05,0.9996247198069703,4.259997454545134e-05,0.0002745752755737769
ID_EGSYYO,4.931428996517409e-05,0.9996101359483526,6.253438381589768e-05,0.0002780153778663318
ID_EHBSHA,4.659451201426638e-05,0.0006311941502744425,4.890635190152637e-05,0.9992733049858098
ID_EHJZYV,0.9882691592375064,0.0005128072652966135,0.010739057684430325,0.0004789758127666299
ID_EJEHKC,0.9997601568640381,2.2495038731439768e-05,0.00019825006865090055,1.9098028579515825e-05
ID_EJROPO,0.9995955835349065,3.3305329056611935e-05,0.0003465039652150366,2.460717082178913e-05
ID_EJRTGT,0.00028735724106263006,5.959872534986597e-05,0.9995908834744649,6.216055912254677e-05
ID_EJUYIB,3.655071655163205e-05,0.9996187562708242,6.0920817784221e-05,0.00028377219483990507
ID_EJXDZM,0.9990198327108081,0.00012138542473941156,0.000772761471097777,8.602039335469691e-05
ID_EKMJZC,8.248533620471861e-05,0.9992000713567104,4.991026091151205e-05,0.0006675330461733212
ID_EKTTWX,4.043029078239262e-05,0.0008854182178719478,5.201894163384471e-05,0.9990221325497117
ID_ELCGSP,3.7228523951450846e-05,0.9996199108241056,6.329958641540287e-05,0.00027956106552754146
ID_ELMXSH,7.479629966955207e-05,1.2265846279031822e-05,0.9999013839467638,1.1553907287760918e-05
ID_ELWLMP,8.758925001139454e-05,0.001669951587512752,7.772872467334604e-05,0.9981647304378024
ID_EMAJOW,0.0004333331704717707,3.280130340337731e-05,0.9995077861816445,2.6079344480347502e-05
ID_ENGLHB,0.0001215059214242489,0.00697187200226298,6.840297841722246e-05,0.9928382190978956
ID_ENHCCD,0.00010493305621820741,0.9991970549625526,5.896774512914688e-05,0.0006390442361000555
ID_ENOODO,0.9993169787737767,8.207407588733738e-05,0.0005314572696977535,6.948988063822036e-05
ID_EOMOBF,8.105683305314643e-05,0.0012509694633391548,8.432584298394396e-05,0.9985836478606237
ID_ERGQHM,0.20669818313689706,0.0004942982806327597,0.7923517562944794,0.00045576228799081654
ID_ERUQTZ,0.0015254623260850012,6.98908741293705e-05,0.9983374200687103,6.722673107539297e-05
ID_ESCLBF,4.210078355442392e-05,0.0008968086431244677,5.184018953072472e-05,0.9990092503837904
ID_ESOHQM,0.000330328920169869,3.0289007874220913e-05,0.9996133200584268,2.606201352904084e-05
ID_EUHSAJ,0.0001200871690336381,0.9992439711709683,9.69889197099148e-05,0.000538952740288216
ID_EUMUND,0.0017525233940178285,8.992730174624695e-05,0.9980578295884978,9.971971573819057e-05
ID_EUOCRC,0.9994411715659284,5.375697717884438e-05,0.0004595412491339356,4.5530207758838934e-05
ID_EVQEWK,0.9991920335923047,5.87918049130861e-05,0.0006970901259835303,5.208447679867826e-05
ID_EWAEEB,5.498305195126994e-05,1.387476311003645e-05,0.999918880192077,1.2261992861696348e-05
ID_EWBQCC,0.9978078825624058,0.00010347533840947116,0.0020017183731878352,8.692372599675274e-05
ID_EWLDSP,5.802858249348706e-05,0.00097880446675152,7.672230936469222e-05,0.9988864446413903
ID_EWXVSN,8.756102612554301e-05,0.0014490298213589406,8.136115155506943e-05,0.9983820480009605
ID_EWYNGD,0.0014196090450777547,9.526129541431602e-05,0.9984052431814059,7.988647810201304e-05
ID_EWZCIA,4.2540841948670894e-05,0.0005288603862395998,6.84310143817454e-05,0.99936016775743
ID_EXBCAT,3.7610254541190765e-05,0.0007988668522889161,5.334269555765546e-05,0.9991101801976122
ID_EXIPCZ,3.932818391029918e-05,0.9996231215728903,7.362743890385868e-05,0.0002639228042954276
ID_EYRGGZ,5.633110553527311e-05,0.9996228154644532,4.1445023978388916e-05,0.00027940840603302017
ID_EYVEPQ,9.627772401884978e-05,0.001528275962004841,0.00011793551082143321,0.9982575108031548
ID_EZJDLE,7.356159371130374e-05,0.003043086597067635,6.824623530690586e-05,0.9968151055739142
ID_EZTVQT,0.9997698847307396,3.452230459732328e-05,0.00016657662964875944,2.9016335014255833e-05
ID_FAMGIP,4.103131659541383e-05,0.999637155746748,6.002316803514204e-05,0.00026178976862131184
ID_FBVDCV,0.11267450668993653,0.0008338945170213755,0.8857740789214205,0.0007175198716216135
ID_FDJQKW,8.374480106859509e-05,0.0017769364515167778,5.76590740678404e-05,0.9980816596733468
ID_FGBIVM,6.464098865218774e-05,0.999549015529699,5.465823977524475e-05,0.00033168524187347564
ID_FGIJSX,5.267455629470258e-05,0.9994720328116534,6.285195968253237e-05,0.0004124406723693054
ID_FHIWZA,4.055638271644021e-05,0.0006555604656762642,7.3979785931347e-05,0.999229903365676
ID_FHKIGB,0.9952217841453943,0.00025038412592561285,0.0043066316757725005,0.0002212000529075877
ID_FJZWNX,0.001080750759829926,0.04990790873536895,0.0018305136802668793,0.9471808268245343
ID_FKCFBO,4.328062935091345e-05,1.0134303983958809e-05,0.9999372585896745,9.32647699058475e-06
ID_FKSASE,6.161212275634004e-05,2.0120814296199792e-05,0.9998998277064443,1.843935650314808e-05
ID_FLPTMS,0.9993243986045373,3.253436768949188e-05,0.0006148520797219363,2.8214948051331e-05
ID_FNCBDC,0.00015427094909863684,0.0037217058478495406,0.00019622327933886376,0.9959277999237129
ID_FNIOOK,0.9944316864174417,0.0003514667247240587,0.004964863353729646,0.00025198350410456734
ID_FNMLKG,0.9998074434227298,5.297807659514849e-05,0.00010074045418723974,3.883804648798521e-05
ID_FOVLQW,4.3511876034739586e-05,1.9085814198333904e-05,0.9999191554733594,1.8246836407402263e-05
ID_FQEEFC,7.654950258075784e-05,0.0009463836359243074,6.251927777296053e-05,0.998914547583722
ID_FQMGPK,5.74309987720774e-05,0.9996350770537252,4.042475627482271e-05,0.0002670671912279424
ID_FRMCKJ,0.00010481953985426112,2.297704901849594e-05,0.999849616232084,2.2587179043172977e-05
ID_FRTXEK,0.9998079935139459,1.591894444692945e-05,0.00016282807700113624,1.3259464605906676e-05
ID_FSTZWF,4.417717313585075e-05,0.9995014610586718,0.00010662685244266185,0.00034773491574979396
ID_FSVRAD,5.30609502507443e-05,0.0006167345762181894,7.541956348032188e-05,0.9992547849100508
ID_FSYFIA,5.786383363010479e-05,0.9994442158051179,6.465392716891149e-05,0.00043326643408314055
ID_FTAXBU,0.9968750354548552,7.763881558790115e-05,0.0029819533160016522,6.537241355521659e-05
ID_FUMEPV,5.698264886686851e-05,0.9994154546379732,4.147712495595221e-05,0.000486085588203957
ID_FVXHYB,0.9996522052179436,7.16484746512971e-05,0.00022320984251962992,5.293646488538992e-05
ID_FVYNDH,5.13842189494323e-05,0.0009266667018207855,6.534104186791798e-05,0.9989566080373619
ID_FWTBNG,0.00021345254011511972,2.6587257681050557e-05,0.9997358066330623,2.4153569141575188e-05
ID_FXILGC,5.627980637103258e-05,0.9995996399360684,5.550539127918062e-05,0.00028857486628144685
ID_FYCAFU,5.285206371108029e-05,0.9996426241157678,4.199567583017546e-05,0.0002625281446909542
ID_FYMQCV,0.999691815417436,2.3848612235529942e-05,0.00026366613391406546,2.066983641445668e-05
ID_GAQOSA,6.250891585391798e-05,0.0009587147717695433,5.4244669594856386e-05,0.9989245316427817
ID_GBCCNJ,0.004936879491613383,0.0001120899594334759,0.9948536753879075,9.735516104564826e-05
ID_GCQNBX,5.3297890339170304e-05,0.9994458900417748,6.551198273347773e-05,0.0004353000851526409
ID_GDAVXE,0.00026799847800779326,3.0473389840880756e-05,0.9996747929456123,2.6735186538977516e-05
ID_GDNXCQ,0.9998963128387957,2.232855225468876e-05,6.244712702748871e-05,1.8911481922147234e-05
ID_GEIAET,7.458476454592377e-05,1.2351640185974296e-05,0.9999025063150109,1.0557280257142413e-05
ID_GGUPKG,0.9993176821318159,3.897062411210351e-05,0.0006108871934418276,3.246005063021359e-05
ID_GITYQY,4.296703867077192e-05,0.99962583016728,5.9302648006655655e-05,0.0002719001460425888
ID_GIUONV,0.0023356263243212703,0.00014457025744058258,0.9973682553000711,0.0001515481181670859
ID_GJDSLM,0.9987959184297568,4.425315919232154e-05,0.0011230689108188477,3.6759500232041836e-05
ID_GKGCDS,0.00014576773414586044,0.0010285826154321667,0.00024149509510176543,0.9985841545553201
ID_GKKZPM,8.608945533466729e-05,0.9993133128425348,0.0001419674358187315,0.0004586302663119039
ID_GLCXOZ,0.0045506739063858135,0.0001501254051652272,0.9951596612739009,0.00013953941454811696
ID_GLDSLL,4.522264089038558e-05,2.3692510685634585e-05,0.9999102987214444,2.07861269795159e-05
ID_GLLBKQ,0.9989242035855777,5.020764906429364e-05,0.0009837192003851667,4.1869564972828634e-05
ID_GMAGLB,0.00027516074448750717,4.6059057373678264e-05,0.9996342822357868,4.449796235205319e-05
ID_GMYKDR,0.999834964796969,1.8850650325660633e-05,0.0001303619895088547,1.5822563196449948e-05
ID_GNHNVJ,0.9964109691241503,7.832500279165713e-05,0.0034375678812132125,7.313799184477736e-05
ID_GOKJUH,0.9972522093351415,0.0003957051165455843,0.002006093823196522,0.000345991725116453
ID_GOLPVM,0.9978077672351602,3.9310707472072416e-05,0.002119666909599757,3.325514776799042e-05
ID_GPUNWD,3.93796541931925e-05,0.9996186467352254,6.75057249868341e-05,0.0002744678855945683
ID_GPZVGY,0.0005694720415010502,1.7302829426465127e-05,0.9993965087471963,1.671638187618333e-05
ID_GRTEMJ,0.00014811417143818784,0.9993080388046455,0.00017896496114251612,0.0003648820627737371
ID_GSFJFC,0.0002845614713339501,0.006945046577059312,0.0005774560568759584,0.9921929358947308
ID_GSOESB,6.148639621516356e-05,0.0020650396360216575,7.816009138522724e-05,0.9977953138763779
ID_GTODPC,0.0008421099414337732,7.3010822130219e-05,0.9990133559006263,7.152333580961667e-05
ID_GUEYOJ,5.8981319831912693e-05,0.0007599756296596507,0.00010866637814511168,0.9990723766723633
ID_GUQQOZ,0.00036486777734281214,7.827435706999268e-05,0.9994722013407258,8.465652486145821e-05
ID_GUYLSW,0.0005405032646660273,2.105800781896735e-05,0.9994188391738813,1.9599553633702406e-05
ID_GVPQXB,4.0469562790134484e-05,0.0016819550197605631,4.3004311169215974e-05,0.9982345711062801
ID_GVZZFW,8.200145589671197e-05,2.4321341723869958e-05,0.9998694945415524,2.4182660826928097e-05
ID_GWJDGL,0.0002761454875485936,3.2500352321739624e-05,0.9996550945441471,3.62596159825125e-05
ID_GXAHTP,0.976325230928455,0.00038866703322313647,0.022943849430101363,0.00034225260822050687
ID_GXGVNB,9.392592321019652e-05,0.0008931872806701872,8.023114118076341e-05,0.9989326556549388
ID_GXSXOM,7.639917312008715e-05,0.0017348091046661615,9.077185438232471e-05,0.9980980198678314
ID_GZVBSJ,0.00020090690130880528,0.9991658508715678,0.00015166328897397893,0.0004815789381493852
ID_HAGLMG,0.9994918146982533,5.008978186945261e-05,0.00041182054968599954,4.6274970191213125e-05
ID_HCHMLH,5.517883834278975e-05,0.9996045270524653,5.827838360585258e-05,0.0002820157255861175
ID_HCITXL,0.0001288915995760909,0.999109411161511,0.00011790613178141452,0.0006437911071316564
ID_HDJRBM,0.00010149068603084387,0.9990722732939382,6.239452024249988e-05,0.0007638414997884224
ID_HECJPL,4.651206555948094e-05,0.0004961793953992504,5.184734245959821e-05,0.9994054611965817
ID_HEJUMM,5.462059548578231e-05,0.0010662779848787543,7.736237172833046e-05,0.9988017390479071
ID_HEYXJI,0.9857810202084484,0.00036537994024449716,0.01356436346604401,0.0002892363852630812
ID_HFCFFD,0.9961192115032794,0.00014890547617737407,0.0036147878369561302,0.00011709518358703718
ID_HFFTBQ,5.2808614198760665e-05,0.0006155437663926824,6.655328692946766e-05,0.999265094332479
ID_HGAKXN,5.06859315792891e-05,0.9995067659084956,8.936586628389155e-05,0.00035318229364128317
ID_HGCFTR,6.748673690122721e-05,0.9994912188318535,0.00011067699376166231,0.00033061743748358073
ID_HGLFGL,4.283393860892229e-05,0.000501432960212724,6.0900642915409634e-05,0.9993948324582629
ID_HGSQFS,4.778091338645652e-05,0.0009743600288095639,6.549326042491436e-05,0.9989123657973791
ID_HGWDFO,9.7880594588828e-05,3.603138820210241e-05,0.9998317678483948,3.432016881443285e-05
ID_HHJOJF,9.137530812591455e-05,3.3288333010664864e-05,0.9998442000733286,3.1136285534715726e-05
ID_HHQNRS,9.239029973600701e-05,1.6407416197294233e-05,0.9998750158835282,1.618640053841569e-05
ID_HIJDMN,5.3822638289092154e-05,0.9996422965689477,4.208967676540275e-05,0.0002617911159978914
ID_HITNRL,0.00013979051151573508,2.8443489477534346e-05,0.9998068117033087,2.4954295698159113e-05
ID_HJFWMV,0.0002463168296052992,4.966461012192381e-05,0.9996571096530825,4.6908907190350373e-05
ID_HJGLOZ,0.0021959546449744774,0.873933751683709,0.0016326577504299665,0.12223763592088664
ID_HJNVPV,0.9996644755884567,4.746890412643074e-05,0.0002480770484562892,3.9978458960595124e-05
ID_HJRWRC,3.977444032291565e-05,0.0004545416108770044,8.227798879738326e-05,0.9994234059600027
ID_HKLNTW,0.9722841406210632,0.0004507827466106949,0.026835229647973958,0.00042984698435225526
ID_HLDEDL,9.56062971923533e-05,0.0014498206581409698,0.00010990272552144732,0.9983446703191452
ID_HLUGGK,0.9998928603855505,1.0451231433419363e-05,8.797280780848963e-05,8.715575207569908e-06
ID_HMFMLT,0.9964669024247983,8.794961994655328e-05,0.003363695587117385,8.145236813782588e-05
ID_HMTIMT,0.9991984983166483,6.179243993728168e-05,0.0006819675623411929,5.774168107316761e-05
ID_HMXDQX,0.00010464430958448913,0.0022214485572599764,0.00010853998262861317,0.997565367150527
ID_HPVLUO,3.943398009494184e-05,0.0005596551666770161,4.710438680277301e-05,0.9993538064664252
ID_HQJZSF,0.00012408087006123448,0.0023062255007141427,0.00027219174955186466,0.9972975018796728
ID_HQMIJT,5.2331433058614845e-05,0.9995854734847064,4.719944752882273e-05,0.0003149956347061434
ID_HRVNSM,6.598758852895643e-05,0.9995045787225049,5.97230045637148e-05,0.000369710684402454
ID_HRYIFA,0.9993308306016341,5.3548625898509734e-05,0.0005760030952639342,3.961767720336914e-05
ID_HSUKYJ,6.393790897713734e-05,0.9994957389834462,8.100841895342677e-05,0.0003593146886231719
ID_HTVJNB,4.089447673668661e-05,0.9996300564248783,6.0022741679135346e-05,0.00026902635670573397
ID_HTVKWC,4.849091242131501e-05,0.0007960016288560508,6.989880737106052e-05,0.9990856086513515
ID_HUFMBH,5.968339994276796e-05,1.9476574680904217e-05,0.999902258110716,1.858191466036921e-05
ID_HVISJK,5.87491303040525e-05,0.000664429616096149,7.476623703497511e-05,0.9992020550165648
ID_HWKIFI,0.001862457281382941,0.8803691945384182,0.0016362660032759096,0.11613208217692299
ID_HWYATC,0.00013142082113966574,0.998714255163899,7.980381061808907e-05,0.00107452020434325
ID_HXCRPH,0.0002695659842287185,3.052992107859828e-05,0.9996726862816201,2.7217813072472838e-05
ID_HYTXHX,5.19709900250346e-05,0.000639311521074342,7.241985700609704e-05,0.9992362976318946
ID_HYWCAO,0.9926663721219295,0.00037328884506034635,0.006606898390003882,0.00035344064300624325
ID_HZITJP,6.215385018874144e-05,0.9995975573162893,6.433602398838821e-05,0.00027595280953348716
ID_IADKDN,3.898092388104145e-05,0.0004989665251295062,4.5029235531274455e-05,0.9994170233154582
ID_IAUNPQ,0.00016583538793153593,1.8351309961832762e-05,0.9997994528784142,1.6360423692420598e-05
ID_IAYUXL,5.003557150879254e-05,0.9996295568109101,5.138139331842521e-05,0.00026902622426260616
ID_IBCCFS,5.1999305498798034e-05,0.0011915057908225297,5.6156159365704575e-05,0.998700338744313
ID_IBDNAG,0.00030200103732539634,4.1318262111531284e-05,0.999620769134031,3.591156653215686e-05
ID_IBKNZU,5.335223325006073e-05,0.9995360512633387,4.790520548296242e-05,0.00036269129792832475
ID_IBNEAO,4.999678646443096e-05,0.0006812924848255113,5.450379560560186e-05,0.9992142069331045
ID_IBODDC,0.0002655477533510071,4.989518518762346e-05,0.9996378507938287,4.6706267632567797e-05
ID_IDTLQJ,0.9997638686021164,4.581048156148846e-05,0.00015216531527048146,3.8155601051691026e-05
ID_IDVKOX,5.9503636616249025e-05,1.0547802410397056e-05,0.9999203462820879,9.602278885411688e-06
ID_IEFQOC,0.00011517011434720913,1.7206451235607728e-05,0.9998504771119496,1.7146322467504076e-05
ID_IEHNEU,0.00024707067419885446,9.892824993490041e-05,0.999544402611358,0.00010959846450823144
ID_IEMAVT,0.004237573106260084,0.0002461467715377701,0.9952930833500689,0.00022319677213313631
ID_IEOLLX,0.9914801362519908,0.00030968286846349955,0.007923255998516919,0.00028692488102871855
ID_IGDVEU,0.004072827646977461,0.0002142771553757904,0.995528521649544,0.0001843735481028208
ID_IIAVBJ,0.990926330235516,0.0001815546163079345,0.008733510068180714,0.00015860507999526912
ID_IJLDZY,0.0001953311620503565,1.5401077168371662e-05,0.9997742795803596,1.4988180421741743e-05
ID_IKMAKG,8.609006494683122e-05,0.9993203874726095,0.0001386684087688726,0.00045485405367475635
ID_IKVUWD,0.9994261785819276,7.383630412867828e-05,0.0004351774215125404,6.480769243125275e-05
ID_IMSZXP,3.9723372338887504e-05,0.9996195676023526,6.586804092060489e-05,0.0002748409843878154
ID_IMWLHD,5.894568490180428e-05,1.1136228171299239e-05,0.9999199169493614,1.0001137565505013e-05
ID_INTDEO,0.9975394579774771,0.00010779423305535743,0.0022558070874082454,9.694070205933562e-05
ID_IPIIVK,7.96737612495375e-05,0.0018020945941574712,0.00010528865982149297,0.9980129429847715
ID_IPNWJS,5.8395143496636576e-05,1.1821802738354264e-05,0.9999190209727293,1.0762081035645242e-05
ID_IPUTNF,6.927416810171284e-05,0.001178624301554749,0.00013331879181985851,0.9986187827385237
ID_IQCHWD,0.00016235309499592414,5.10050449488125e-05,0.9997452943257394,4.134753431590765e-05
ID_IQGRGJ,5.417081005666691e-05,0.9995107982191805,0.00010651482077478278,0.00032851614998796416
ID_IQUWWF,4.8977884192773905e-05,0.0011592984829775922,6.731477530888576e-05,0.9987244088575208
ID_IRJAOX,3.949776666758909e-05,0.99960505000346,7.622203956420666e-05,0.00027923019030810147
ID_IRWALG,0.00011082634925745585,2.1633144789991006e-05,0.999848236463779,1.930404217369525e-05
ID_ISGTTF,9.514270892465556e-05,0.0010723000241315236,0.00014242689143960675,0.9986901303755042
ID_ISPEXV,0.9997223100752846,2.7846458556293842e-05,0.00022648530798617873,2.3358158172826534e-05
ID_ISTTZD,0.9992736899934956,4.7324789019930293e-05,0.0006395683436295873,3.9416873854764106e-05
ID_ITKBYB,0.9978626382748901,0.00017050850830411984,0.0018342597108204671,0.00013259350598536181
ID_IVAWBE,4.6460688248177395e-05,0.9995054503800671,9.770458336416948e-05,0.00035038434832051184
ID_IVTLDU,5.6785596210353866e-05,0.9996234629222144,4.0342897071004835e-05,0.0002794085845042155
ID_IWZSCD,0.0016063587499194386,2.5336361126174746e-05,0.9983467139872676,2.1590901686844465e-05
ID_IXCKHJ,0.9940984505144461,0.00042323633806879676,0.005098976649633852,0.0003793364978511671
ID_IXKYFH,0.00014139851106797517,0.9993353087619515,4.313568083417238e-05,0.00048015704614628063
ID_IXPYEV,6.13205027987543e-05,0.9995411989458611,6.798162359608848e-05,0.00032949892774395854
ID_IYSRIJ,5.946518487341093e-05,0.9995737673397982,8.592189757953906e-05,0.0002808455777487776
ID_IYVHTQ,0.00016395393215602006,5.1676180313659916e-05,0.9997412144268283,4.3155460702093346e-05
ID_IYZNTX,4.822347493614454e-05,0.9996326148507425,5.0134623521199514e-05,0.00026902705080024457
ID_IZGKUA,9.654205206272373e-05,0.014358795920725162,7.599662630857473e-05,0.9854686654009036
ID_IZTUIX,0.9937539214159079,0.0002214261950016482,0.0058182285816814555,0.00020642380740903
ID_JAVLTI,0.014647775944686785,0.00020608547590153067,0.9849529041221506,0.00019323445726110344
ID_JBBPNR,0.9970047463903845,0.00018666418579812755,0.002648288515990312,0.00016030090782706013
ID_JCFYTI,5.0418999778087505e-05,4.467082065299157e-05,0.9998614410364991,4.34691430699221e-05
ID_JCPCLB,0.9929584169798488,0.00015637712486679455,0.006745111553039507,0.00014009434224480992
ID_JCQLQG,0.9891184809070819,0.0004991603838673415,0.009958844236711655,0.00042351447233907773
ID_JDCHUI,0.9843632910499274,0.00032666126569341774,0.01499467251680706,0.00031537516757208306
ID_JDEOCS,4.900981528992672e-05,1.3953559276084232e-05,0.9999245359859762,1.25006394577919e-05
ID_JECZIE,0.0003803739799717726,5.921948008726343e-05,0.9995062819029548,5.412463698615729e-05
ID_JEJIUK,5.55198318497416e-05,0.9995714697114937,4.596050668706863e-05,0.0003270499499695375
ID_JEQRYR,4.554707109769736e-05,2.9063151538943353e-05,0.9998939024606613,3.1487316702042614e-05
ID_JHDIEV,0.0003210448111480329,0.018729172929519363,0.00023809669493890206,0.9807116855643937
ID_JHMOXA,0.9991522051153839,6.639626962794217e-05,0.0007199995049935059,6.139910999470154e-05
ID_JIFUYY,0.30100618609383367,0.004821430102665624,0.6905778341573074,0.0035945496461931487
ID_JIVAMT,0.00019866622519787276,5.757353582851356e-05,0.9996907760066917,5.298423228205251e-05
ID_JIXSST,5.42858335758259e-05,0.0007046670362787648,7.29493152550757e-05,0.9991680978148904
ID_JKVAAC,0.0007641255411364341,3.432930864952439e-05,0.9991716610252452,2.988412496885071e-05
ID_JLFTVT,0.00013529870876486335,0.004388832170109331,0.00024951468524064683,0.9952263544358851
ID_JLTBFO,9.918249908210446e-05,0.9993170987282863,7.534796514515148e-05,0.0005083708074864696
ID_JMFWFN,0.9976173315945641,5.8805771801940816e-05,0.0022740562751535584,4.980635848037245e-05
ID_JMGROA,5.869428682901604e-05,0.9994965919015156,9.409121743010737e-05,0.0003506225942252113
ID_JMUPYH,7.494933498711429e-05,0.9992251701267986,0.0001400530536480666,0.0005598274845662177
ID_JNFGCU,1.0782059405958223e-05,1.9398486350411997e-05,0.9999513210600818,1.84983941618693e-05
ID_JNLKEV,0.9768009718623447,0.0002966429847254049,0.022665956048923595,0.00023642910400620284
ID_JNZOKX,0.00043640155966236116,3.0338538069014613e-05,0.9995058812558847,2.737864638394717e-05
ID_JODBGW,0.0002145934922780401,4.880227882538105e-05,0.9996905696692916,4.603455960506049e-05
ID_JOFKPL,0.9997799990186546,3.025899722410823e-05,0.000164606922385334,2.5135061736006453e-05
ID_JRKXJK,0.0007149012974477553,5.0277554795819e-05,0.9991912047643229,4.361638343342198e-05
ID_JTGTDT,0.00035206034668229297,0.028335716392731903,0.00047256051136003495,0.9708396627492258
ID_JTSIEM,4.7751637044714246e-05,0.9994549405295288,0.0001480096485508804,0.0003492981848755389
ID_JUHMAV,4.813497441682716e-05,0.9994637139258346,0.00012258848900959096,0.00036556261073909964
ID_JUQIPF,0.9954195110771521,9.167961323017996e-05,0.004404212722271746,8.459658734588276e-05
ID_JUVDVO,0.00011362811255500118,1.8321920708074664e-05,0.9998519756155866,1.607435115033943e-05
ID_JVEFEE,0.00012623136192841132,1.4345168762667107e-05,0.9998455711093319,1.3852359976988224e-05
ID_JVLRWQ,0.9933250830815195,0.00021829357132141302,0.006295120041337286,0.00016150330582183272
ID_JWOPRN,0.9991525646055928,3.1952609845513534e-05,0.0007888349316892117,2.6647852872422328e-05
ID_JXAXIB,5.365777336338652e-05,0.9995425391114541,6.14413000154502e-05,0.000342361815167042
ID_JXCFZG,0.0015205879097241351,0.00022640824257684622,0.9980186513136691,0.00023435253402997644
ID_JXIJHK,5.408697632097496e-05,0.999527291166321,9.248557501561541e-05,0.00032613628234250916
ID_KAWYYK,0.00020923659076665555,1.9888878144668567e-05,0.9997531433445018,1.773118658681381e-05
ID_KCDUYG,4.0433311319743914e-05,2.7197067203032114e-05,0.9999067098577463,2.5659763730902064e-05
ID_KDUBNX,0.00016364968377430164,1.625993426896594e-05,0.9998061925810748,1.3897800881881637e-05
ID_KEJCVV,0.001202604787330551,6.508365011636673e-05,0.9986717355493059,6.057601324721462e-05
ID_KGGOYX,0.006988955960769939,0.00013420188555438457,0.992745004230946,0.00013183792272966792
ID_KGPLHC,4.1971323085266726e-05,0.0003825686955723321,6.34674245584281e-05,0.9995119925567839
ID_KIGPAK,0.0002882361320830938,0.9819051245089873,0.00014088159995890068,0.017665757758970627
ID_KIMKCB,0.0006302139222364133,7.145025556675141e-05,0.9992319238243157,6.641199788114879e-05
ID_KIQVVD,3.481519710201609e-05,9.643026285430811e-06,0.999946428978407,9.112798205495336e-06
ID_KKJRNI,0.0001418286118063195,2.194721975932758e-05,0.9998174652921019,1.8758876332570267e-05
ID_KKOBOD,0.0001008979118358027,1.0581285322990153e-05,0.9998790874556027,9.433347238526938e-06
ID_KLRPRZ,6.229541023783449e-05,1.290990637821068e-05,0.9999132290251188,1.1565658265091484e-05
ID_KLVYAP,0.9991117808627741,3.986074185862414e-05,0.0008145202920783272,3.383810328886832e-05
ID_KMJAIJ,0.0033660012416366616,9.264857560706987e-05,0.9964646319275678,7.671825518842683e-05
ID_KNLXQL,0.00025249928562269753,1.9266614350241613e-05,0.9997113309434873,1.690315653967861e-05
ID_KNUZPA,0.00014785577183772745,3.218337377238889e-05,0.9997912016852519,2.8759169137899257e-05
ID_KNZDMP,0.998721981983286,5.477973701272038e-05,0.001177287949276121,4.595033042521847e-05
ID_KONGKK,5.527583537504245e-05,0.002915774645828792,8.57005497258838e-05,0.9969432489690703
ID_KPMQMU,0.0001766154657267569,5.2068803696223386e-05,0.9997234030410368,4.791268954020098e-05
ID_KQZHKZ,0.0001319262910203758,2.354453366529886e-05,0.9998228252299829,2.1703945331428336e-05
ID_KRHOBX,4.641736232316741e-05,0.9994685720563464,0.00013124559399167737,0.0003537649873386289
ID_KRNXGB,0.000613470109833737,6.950376366805735e-05,0.9992550053780971,6.20207484011136e-05
ID_KRPYRQ,3.711994036042946e-05,0.999586918663768,9.082402790458474e-05,0.0002851373679669881
ID_KSJZYW,0.0001520340787543127,4.1017999989638706e-05,0.9997682699254637,3.86779957922763e-05
ID_KSRKIN,0.9989491194868518,5.069890255622824e-05,0.0009575686739056885,4.261293668635844e-05
ID_KVGOQK,0.00011318336705810267,2.4848472172300126e-05,0.9998379618888414,2.4006271928150492e-05
ID_KVSAIV,5.290292126880668e-05,0.9996360456096427,4.312078764109881e-05,0.00026793068144736646
ID_KVSMTQ,9.977887719488852e-05,0.001914259917484042,0.00011882320653309984,0.9978671379987879
ID_KVZAOY,4.627685458096888e-05,0.0006804778252210676,8.011302721791878e-05,0.99919313229298
ID_KWBWRZ,0.9997201525182218,2.3873694601891914e-05,0.000235935073328492,2.0038713847703446e-05
ID_KWOISI,0.000339022736988689,0.9817792616292595,0.0005259335334376958,0.01735578210031401
ID_KWQHIP,0.00018685648953892313,4.1333587301178656e-05,0.9997287235380038,4.308638515610987e-05
ID_KYHLUP,5.8117808094386016e-05,0.9995977936253088,5.888014105034956e-05,0.00028520842554650224
ID_KYILXT,0.9932639454296592,0.0004459907807054393,0.005918139494102838,0.0003719242955325176
ID_KYSBXX,0.0001380987150400884,3.2837379747188614e-05,0.9998007754133599,2.8288491852897e-05
ID_KZHWLL,4.8301186715104306e-05,0.0005962887296959049,5.072452312269098e-05,0.9993046855604663
ID_KZTCIC,5.3191334327158256e-05,0.9996248467764447,4.55644414169438e-05,0.0002763974478111783
ID_LCBVPJ,0.00014577013495021583,0.0010199756675396978,0.0002336526416682244,0.998600601555842
ID_LCRGSC,4.526863441021951e-05,0.9996191361708706,7.022209319709856e-05,0.00026537310152205
ID_LDNFCA,0.9998004380556696,2.9499308398746397e-05,0.00014526817797276748,2.4794457958828882e-05
ID_LDNOVV,5.6133564040554225e-05,0.0008714770593182373,9.007997729547559e-05,0.9989823093993457
ID_LDRIRX,5.0530645317918526e-05,1.7311630724383736e-05,0.9999172442341133,1.4913489844278315e-05
ID_LEYQFD,0.9985908569041678,0.00015232632195581337,0.0011250745804780406,0.00013174219339835
ID_LFCWWU,4.918914820034818e-05,0.9996258912231087,5.2692553781936055e-05,0.0002722270749090738
ID_LFXTMI,6.945681901778989e-05,0.999467660243958,9.344819916929136e-05,0.0003694347378549351
ID_LGFAYI,0.9994235587540886,5.599127909354978e-05,0.0004733619509295477,4.7088015888278886e-05
ID_LGFEKR,4.935031616812278e-05,0.999445465690992,0.00012596515891553946,0.00037921883392428993
ID_LGKDBX,0.9983543480136291,0.00019874708753023188,0.001292352108539493,0.00015455279030114584
ID_LGZRGZ,8.555683531652101e-05,0.0011576051872606952,8.668407430606765e-05,0.9986701539031166
ID_LHOFOL,6.0938468634655535e-05,0.9995809581727886,5.6809260974149596e-05,0.00030129409760263953
ID_LINAMW,0.00019157214873041084,5.32374945533105e-05,0.9997049068012349,5.0283555481302855e-05
ID_LINCBY,0.00042469585624793047,2.4132020528214493e-05,0.999530545836385,2.062628683873942e-05
ID_LIYLWT,9.096941168787555e-05,0.0018319777000908627,8.196484081224622e-05,0.997995088047409
ID_LJQFWN,4.701476487039821e-05,0.0006523027395802651,4.9972427025526364e-05,0.9992507100685238
ID_LKQWDV,0.0009393975950422893,3.028971067112763e-05,0.9990037062667375,2.660642754906709e-05
ID_LLPPYO,9.602492327283339e-05,0.0024161118091510737,8.834856834827548e-05,0.9973995146992278
ID_LLVAJH,0.00026140245082525087,4.054676541489121e-05,0.9996634980207982,3.455276296167004e-05
ID_LMPJDC,3.7264601990630495e-05,0.0004259710628235036,6.271632339233254e-05,0.9994740480117935
ID_LPMFGH,3.88109681572992e-05,0.9996358775061175,6.74569488833708e-05,0.00025785457684190705
ID_LPZBKI,0.0001321937125531238,2.4312691412304472e-05,0.9998177030703106,2.579052572408891e-05
ID_LPZTPI,0.9982351934222875,6.2949173394981e-05,0.0016493623202297003,5.249508408774297e-05
ID_LQGGAD,0.00032380462233590467,1.6346195852853726e-05,0.9996455081899938,1.4340991817398884e-05
ID_LRMWEM,4.2081254065000394e-05,0.9996186801907634,6.261626288580443e-05,0.0002766222922857711
ID_LRVSVW,5.1191087358485685e-05,0.9995826371391925,7.037957366002486e-05,0.00029579219978894777
ID_LRWCUV,5.383597192342786e-05,9.143386844463496e-06,0.9999292055424134,7.81509881870834e-06
ID_LTOUMX,6.306020853673681e-05,0.000857767039855051,5.8722491186376984e-05,0.9990204502604219
ID_LUJSLH,7.117140839715729e-05,0.9995967154396186,3.6091274693962804e-05,0.00029602187729029254
ID_LUMPGJ,6.1020745490147975e-05,0.9996171919701354,4.3769948978878485e-05,0.00027801733539563843
ID_LWLEZI,6.154421201622045e-05,0.9995001786209597,9.517920683295585e-05,0.00034309796019106907
ID_LYDHSX,0.9809565822557513,0.00035616952166805943,0.018373829896483004,0.00031341832609762887
ID_LYLGTW,0.00017375472585098498,0.9960681695454741,0.00011757096368134257,0.0036405047649936237
ID_LYOJXP,0.00011578753250288343,3.089470214937622e-05,0.9998202472950435,3.307047030422239e-05
ID_LZAUTA,9.275152173777453e-05,0.0007822836680017026,0.00011059116115087056,0.9990143736491096
ID_MBFMSB,6.875774225516816e-05,0.9994978814691611,8.983752732694176e-05,0.0003435232612567501
ID_MBGIRZ,0.00016250309366673256,3.625963135645789e-05,0.9997662066037473,3.5030671229493715e-05
ID_MCMKMO,0.00018991589083263978,0.9954562015627456,0.00011519043838142846,0.004238692108040326
ID_MCXYEF,0.9997053582998932,2.6021150691804796e-05,0.00024376681055072514,2.48537388643004e-05
ID_MDSGOA,5.591683714321264e-05,1.772889343542322e-05,0.999909226272363,1.7127997058244297e-05
ID_MDTLYS,4.4855620448531667e-05,0.9996099671615244,7.139489520342131e-05,0.0002737823228235434
ID_MFBQPQ,4.947799490088291e-05,0.9995660286098759,6.995718118056933e-05,0.0003145362140427126
ID_MFNEMR,0.9998428786529275,1.9912947579740187e-05,0.00012047137701090266,1.673702248169583e-05
ID_MFXZBJ,0.0003651736692607968,6.0313943442002266e-05,0.9995171041395485,5.740824774857094e-05
ID_MGCBZX,0.9998345027898632,3.7601031249736585e-05,9.737583185282749e-05,3.052034703431816e-05
ID_MGUVTI,0.00018724975297931771,0.9992958068896061,5.584941955700765e-05,0.00046109393785756384
ID_MHBSUK,5.153431240528899e-05,0.9994863699928188,8.656022473474188e-05,0.0003755354700412439
ID_MIZQYO,4.364211741965782e-05,0.00044589966510112867,6.632208970264701e-05,0.9994441361277766
ID_MJDAET,0.00013296761100993972,0.9994974988350339,3.838955177591554e-05,0.00033114400218036793
ID_MLTJOR,0.00035291822216181637,1.4532194701241057e-05,0.9996185099370222,1.4039646114802222e-05
ID_MMGILS,3.692807100261547e-05,0.0007936669540108887,5.6276219060942815e-05,0.9991131287559256
ID_MMPFYM,4.192882521911221e-05,0.9994938147362732,7.066653655366058e-05,0.00039358990195407
ID_MNFBKJ,4.586635709605134e-05,0.0007834777444895308,6.36164283587347e-05,0.9991070394700556
ID_MNFODC,5.741258866519067e-05,0.999619368455124,4.606039997952547e-05,0.00027715855623129426
ID_MNKUZR,5.114135223047919e-05,0.9996053665967815,5.139581769898159e-05,0.00029209623328903326
ID_MNOFUX,3.917779377003534e-05,0.9996101461792932,7.056043373176654e-05,0.00028011559320496616
ID_MORRXV,4.369555771655337e-05,0.9996306843188543,6.066879722438439e-05,0.00026495132620486496
ID_MOYCIS,0.00012090556220787973,1.4467511703065585e-05,0.9998507953824847,1.3831543604398817e-05
ID_MPKKUQ,4.4340120650834794e-05,0.0008912166524746789,5.00821759102003e-05,0.9990143610509643
ID_MPRONQ,0.00011450440408139801,0.0013189938243339638,0.0001606307341128764,0.9984058710374717
ID_MRASAT,0.0014223372805321338,7.934923215863859e-05,0.998424035667398,7.427781991117886e-05
ID_MREXLF,5.44084866367544e-05,0.9995598034565505,6.041675708223228e-05,0.00032537129973048124
ID_MSKYZF,0.0001572495775334269,5.692346635308374e-05,0.9997334470843814,5.2379871732168284e-05
ID_MSTDFL,7.410157436214453e-05,0.002434395047304785,5.780824770865468e-05,0.9974336951306244
ID_MSTKSW,3.885709512250296e-05,0.9996064453208052,7.171102196751501e-05,0.0002829865621047163
ID_MSXYUE,4.780533346307623e-05,0.00130959700713754,6.564617394110595e-05,0.9985769514854582
ID_MSZOIE,3.939414990122235e-05,0.0004603123279141455,6.292533966578261e-05,0.9994373681825188
ID_MUGCIL,4.120669320807093e-05,0.000859463897861639,5.852822040539163e-05,0.9990408011885249
ID_MUIUQL,0.000139561804694046,1.9285727938755073e-05,0.9998225203970567,1.86320703105205e-05
ID_MUJNJW,0.0004634409379860682,0.003883950658724245,0.0005089811415510827,0.9951436272617386
ID_MUKHHA,8.486999374279952e-05,2.2608188595658446e-05,0.9998717157822463,2.0806035415290987e-05
ID_MUOGLX,0.8425040110028893,0.004622943866865368,0.14947868852495738,0.003394356605288049
ID_MXIYTV,4.9378699211153245e-05,0.0006086422831040463,5.3913859806773085e-05,0.999288065157878
ID_MXMLNF,5.471096318712005e-05,0.0008987650630008339,5.072125468004164e-05,0.998995802719132
ID_MXOEXX,5.9298787116211247e-05,0.0015146271717149525,7.288614266688512e-05,0.9983531878985019
ID_MZJILQ,0.9996443076752293,3.496078918071717e-05,0.00029112100495534595,2.9610530634645933e-05
ID_MZMTYP,5.5292903204880636e-05,0.9995013365876512,3.926538595601388e-05,0.00040410512318790175
ID_NAHDLQ,0.9999187777883795,1.1473025345978924e-05,6.0181508129781414e-05,9.567678144774949e-06
ID_NAQYIP,0.0006915157205239118,0.996905308589536,0.00017697980763725163,0.0022261958823029597
ID_NBPVTP,6.919028245641681e-05,0.9994729983214198,8.895872455336029e-05,0.0003688526715703808
ID_NCEMDY,0.00015233672304351453,0.005245524020205048,0.0003317637601668612,0.9942703754965846
ID_NDSJDA,0.0003602649778529452,2.6388743717689384e-05,0.9995878519476518,2.5494330777662985e-05
ID_NFLKEF,0.00017992203000234645,0.002922627540269785,0.00021390168287027062,0.9966835487468576
ID_NFNPRL,7.330967440785996e-05,0.9994858758535327,6.452977880812417e-05,0.0003762846932513365
ID_NGRGOW,4.0027520873007786e-05,0.9996092229463047,6.548634927769934e-05,0.00028526318354452925
ID_NHJSDJ,0.00015146562888991414,2.0477613105411272e-05,0.9998100911571575,1.7965600847127672e-05
ID_NHYWEN,0.00021735102416501733,0.004905705171759853,0.00028778715109064777,0.9945891566529845
ID_NJLZUJ,6.0174860585257526e-05,0.9995899332063322,7.394123490229521e-05,0.0002759506981802625
ID_NKRJRE,0.008174538571673037,0.00010794158290509363,0.9916274786985657,9.004114685606968e-05
ID_NLPICA,6.834173759580884e-05,1.991711783904296e-05,0.9998936731493049,1.806799526030962e-05
ID_NMGGYU,0.00014942373911837792,0.9863402852613062,7.234075355037625e-05,0.01343795024602503
ID_NMOUMD,3.903601644716299e-05,0.0004257511925444448,5.73756331251512e-05,0.9994778371578833
ID_NMPTSC,5.018682701645005e-05,0.0008183469434455569,5.985647546192821e-05,0.999071609754076
ID_NMZZMM,0.00010056192128376114,0.0015209549933028331,9.037049310752004e-05,0.9982881125923059
ID_NNKBRS,0.999298407329679,2.3157391687286306e-05,0.0006585023117571219,1.9932966876501848e-05
ID_NRSIYE,4.417993266843085e-05,0.0005719306837732003,5.333369036970301e-05,0.9993305556931886
ID_NSTSNW,0.00010079379960813438,1.9987824854248195e-05,0.9998609227667308,1.829560880686578e-05
ID_NTGAWG,0.00011083195454758026,3.690267347772911e-05,0.9998146112521429,3.765411983176267e-05
ID_NTHUOG,0.9820903377258179,0.0004939227734172708,0.016975245272709973,0.0004404942280548146
ID_NTRKRJ,0.9209004497364875,0.0011067524396841972,0.07703134382270556,0.0009614540011225899
ID_NXBDAW,0.9786327256383202,0.00048750733932072704,0.020439571600112606,0.0004401954222465095
ID_NXWSMB,0.000145553620440321,0.0010204524512306403,0.0003009189154319375,0.9985330750128971
ID_NZBHZD,9.071722393080324e-05,0.0012496667547191862,0.00010131101590614144,0.9985583050054438
ID_NZMCVC,0.00014218309916000805,0.9987973736498567,7.714073670054781e-05,0.0009833025142827738
ID_OCJFSP,0.9928581256708294,0.0003350395885012398,0.0065252306526202685,0.00028160408804906275
ID_ODOOCR,3.8497601654482793e-05,0.999601345651514,8.390025489615214e-05,0.0002762564919353436
ID_OGBSZV,0.0005506314193044361,0.9971156203432638,0.00017712295456681797,0.002156625282864966
ID_OGGKXA,9.87607630363583e-05,0.0022567644889307857,4.8756184016779454e-05,0.9975957185640161
ID_OGWZDU,0.00043863406062887906,0.9786294321469764,0.00041382488488586296,0.02051810890750884
ID_OHNZBJ,5.440773794477424e-05,0.9996428819505143,4.623875641993999e-05,0.0002564715551209651
ID_OIJPYH,4.6142322939764e-05,0.999500632657571,0.00010318311077962993,0.00035004190870959725
ID_OJKWLR,0.00041328456990647025,5.2020952156670396e-05,0.9994851907373933,4.950374054365152e-05
ID_OJQATT,7.692072957931122e-05,0.003936546382984862,7.450834717748961e-05,0.9959120245402583
ID_OLFWUX,0.00011809885659991338,2.7591594519051818e-05,0.9998295909379719,2.471861090911108e-05
ID_OLWSVJ,7.056608340413703e-05,0.0010185813208067696,5.470255965935632e-05,0.9988561500361297
ID_OMCGWZ,0.9850855016882045,0.0005031320804188287,0.014011842087053805,0.0003995241443228278
ID_OMVAKT,7.98119797935385e-05,1.2183106663880146e-05,0.9998973163227619,1.0688590780659062e-05
ID_ONFDRI,6.42690583141e-05,0.0019414898211303178,7.489055215169059e-05,0.9979193505684039
ID_OPIJCZ,5.292460860801914e-05,0.0007800324352312215,6.093488506588859e-05,0.9991061080710948
ID_OPISVA,0.9988706353303163,0.00011594985569771327,0.0009051389284791213,0.000108275885506889
ID_ORCSSL,0.0001918775921889791,2.3461136172360522e-05,0.9997588635066827,2.5797764955908164e-05
ID_ORFPYF,0.00011899095907386064,3.781080171727432e-05,0.9998099770104089,3.3221228800073674e-05
ID_ORIXUZ,6.607413951051901e-05,0.9993087814521796,0.00012776616661315898,0.0004973782416966289
ID_ORSALM,6.339110885177024e-05,1.1404822718920796e-05,0.9999151834097102,1.002065871908256e-05
ID_OSGSTN,9.396562394275457e-05,3.862009601503104e-05,0.9998360793055588,3.133497448347579e-05
ID_OSWRUL,0.9993407382598976,4.719026194493908e-05,0.0005742989113814436,3.777256677603208e-05
ID_OTAMKM,3.8752625394522286e-05,0.0007343173212627102,4.9839636469348276e-05,0.9991770904168734
ID_OTIEVR,6.73380289269079e-05,1.9784213616547173e-05,0.9998946705875813,1.8207169875235278e-05
ID_OTMIGF,0.0011253081204546638,5.725144798202217e-05,0.9987644295287764,5.3010902786939974e-05
ID_OTMNRG,4.066539899681155e-05,0.9996048692246144,6.53935494510431e-05,0.00028907182693764673
ID_OTVREC,0.9903242957099033,0.0002942566469933001,0.009117712531021033,0.0002637351120822867
ID_OUKSSJ,5.0371650823523366e-05,0.9994962147288019,9.746578221416517e-05,0.00035594783816043663
ID_OVOOFO,0.00020351055999103212,1.826823516942363e-05,0.9997605760811499,1.7645123689739486e-05
ID_OVVPGU,6.43811945938701e-05,0.001007671152042888,7.210323766012609e-05,0.9988558444157032
ID_OWPRUX,0.0009481891334671565,8.22486226723613e-05,0.9988936913681027,7.587087575776788e-05
ID_OWQVGA,0.00011516858934893912,0.9988938913728889,8.860411198233655e-05,0.0009023359257798211
ID_OZGWSO,6.606887751756192e-05,2.9782548804949345e-05,0.9998785875166173,2.5561057060155677e-05
ID_PAIYWE,5.965519016092041e-05,1.5148307579474437e-05,0.9999109939612789,1.4202540980572056e-05
ID_PANQZY,0.9988328761785885,9.40702632988386e-05,0.0009934537005325266,7.959985758001558e-05
ID_PAOKRA,0.9997620549042681,4.225316704861851e-05,0.00016045581953151063,3.5236109151884694e-05
ID_PBEPTC,1.6359858670505952e-05,2.0530156438295642e-05,0.999945265736255,1.7844248636319894e-05
ID_PBRNDT,6.717989167107107e-05,0.9996069421951731,4.04275395141992e-05,0.00028545037364172387
ID_PBXKUS,0.0001001915409251281,0.0011100890382036417,0.000207246801743636,0.9985824726191276
ID_PBXXTP,0.00022838982444211818,7.537987182852597e-05,0.9996320576331504,6.417267057889399e-05
ID_PCHQSU,4.990455598176536e-05,0.9996216527317126,5.461731492781525e-05,0.00027382539737778893
ID_PDCTGC,9.100436346130248e-05,0.0022361965044905116,0.00011019576837497148,0.9975626033636733
ID_PDCVQE,0.0008267206910970675,0.0001150806858471239,0.9989340449628134,0.00012415366024243026
ID_PDGUOD,8.040762507241987e-05,0.0012947584181494318,7.411111136594246e-05,0.9985507228454121
ID_PFCUWV,0.9986692164658587,5.9960679579833035e-05,0.0012200871173525785,5.0735737208979756e-05
ID_PGFAHM,4.191022149587557e-05,0.9996416199283027,5.6101064025990256e-05,0.0002603687861753246
ID_PGOFPW,0.9943021237568587,0.00033415725772716716,0.005063207176593198,0.00030051180882096143
ID_PGWIWQ,0.00015283268039324849,0.9993495640353791,0.00014611342996827408,0.0003514898542593707
ID_PHXPOD,0.0006561553827671457,0.000130801740203456,0.9990903975586084,0.00012264531842100994
ID_PIAMAG,0.9970810971234557,3.8035816832245896e-05,0.002847881063429923,3.29859962821307e-05
ID_PICJTF,4.758116258000998e-05,0.9996041013111355,7.236292049136574e-05,0.0002759546057931428
ID_PIJZTT,8.826068050304404e-05,0.0024675645557881622,7.028795767573551e-05,0.9973738868060331
ID_PKQRMJ,6.932618943778475e-05,0.0008477800892485051,6.41199975358785e-05,0.9990187737237778
ID_PKYMQI,0.9991833049796768,7.497907230325189e-05,0.0006783478533849622,6.33680946351513e-05
ID_PLDVLB,5.7352827432452886e-05,0.9996444156344698,3.866886725148975e-05,0.00025956267084617854
ID_PLZYXW,0.907254902841993,0.0010808288133288427,0.09072693572387895,0.0009373326207993124
ID_PNFCKW,0.0011758110409423672,6.178343031535865e-05,0.998706055779159,5.634974958325921e-05
ID_PPEGDJ,0.9993075398799444,2.973298310463936e-05,0.0006375733819600918,2.5153754990784603e-05
ID_PPKBLF,4.697666490082445e-05,0.9995017571944865,0.000107201781079634,0.000344064359533019
ID_PPXPKV,5.516076040150885e-05,0.0012204320622539733,4.7201299889905915e-05,0.9986772058774546
ID_PRKEKM,0.9988919948682184,0.00015113432006201582,0.0008262851359167411,0.00013058567580274754
ID_PRLKYI,0.00325614144413832,8.352856872998913e-05,0.9965834686156881,7.686137144366749e-05
ID_PRMQOT,0.9836211007434216,0.00020533919783570533,0.015997322066377717,0.0001762379923650367
ID_PROOUK,5.049343244312711e-05,0.9996311316690858,5.0061602671116084e-05,0.00026831329580005324
ID_PSQGYI,0.0002874098536226916,0.04042509637471072,0.0002597045962306199,0.959027789175436
ID_PSWPIE,6.79482584926094e-05,0.9993195686469373,0.00016260833292426846,0.0004498747616459334
ID_PTBYNC,0.9992112833069001,6.4785521952021e-05,0.0006628460045218097,6.108516662609361e-05
ID_PTTKUH,0.002128803773968479,0.00011265485347315976,0.997651731186719,0.00010681018583936488
ID_PUHXOV,4.99305950743721e-05,0.9996345142956498,4.321825643358489e-05,0.00027233685284218243
ID_PUMIOI,0.998015810895859,0.00014234864162569462,0.0017165314646030514,0.00012530899791219057
ID_PVDPOY,4.081575712509447e-05,0.999634986925981,5.73654376181339e-05,0.00026683187927582406
ID_PVFOBG,0.00013703028631557317,1.995184724448222e-05,0.999825214100401,1.780376603888675e-05
ID_PVGLHK,3.7106337851602435e-05,0.9996199592875129,7.358249165080357e-05,0.000269351882984662
ID_PVTQFI,5.620589879452523e-05,0.9995485055694779,4.1477677405107854e-05,0.00035381085432228227
ID_PVVNGT,5.212418456082919e-05,0.9996322620781529,4.4041973059982546e-05,0.00027157176422625077
ID_PWBLRE,0.00011614655076890616,3.0848333349699346e-05,0.9998259409852006,2.706413068073229e-05
ID_PWDCFX,0.0009320071796041049,7.507611448264042e-05,0.9989196187099084,7.329799600475872e-05
ID_PWNDLE,5.6538697750688404e-05,0.9995838598655118,8.365241622144875e-05,0.000275949020516113
ID_PWPECK,0.0002912635215426167,6.372112103280966e-05,0.9995743185643653,7.069679305924405e-05
ID_PXNHNU,4.010915041531967e-05,0.9996354485818377,6.277637245494645e-05,0.0002616658952919165
ID_PXYGZV,0.03961828176261433,0.00035747445509881767,0.9596034957956503,0.000420747986636586
ID_PZGLVE,7.648287299779264e-05,1.823406739932559e-05,0.9998868824742325,1.840058537041895e-05
ID_QAGXOK,7.990699212884935e-05,0.9994904497719053,7.710672322239425e-05,0.00035253651274350036
ID_QAYMJX,0.0004560301897802037,2.44219652297093e-05,0.9994968173150159,2.2730529974176046e-05
ID_QBKVPR,0.00046604833822555617,3.396215501971487e-05,0.9994712402732253,2.8749233529450127e-05
ID_QCDDTP,0.9955119488947609,0.00010945461096476771,0.004276507529873775,0.00010208896440052735
ID_QEBWST,6.493800121860144e-05,0.9995094202792406,8.254058295807474e-05,0.0003431011365827048
ID_QETYTO,5.205845715846501e-05,0.0009420837596578245,5.669246272936624e-05,0.9989491653204543
ID_QHHFWC,8.169764944868416e-05,0.002131971536055655,8.339775765309483e-05,0.9977029330568425
ID_QJPPKT,5.8458325846579735e-05,0.9995827018909211,7.99471196686394e-05,0.0002788926635636951
ID_QKFDBL,4.599513493095191e-05,0.999606580627318,7.14689409871308e-05,0.00027595529676380985
ID_QKHPMH,7.042343280442767e-05,0.9993482103919984,3.7518608877158106e-05,0.0005438475663199449
ID_QKNHCR,0.00011104073558441664,1.0724036490314977e-05,0.9998681910509452,1.0044176980115876e-05
ID_QLLZQZ,4.091275745193278e-05,0.0010554842208927986,5.3894217974064955e-05,0.9988497088036813
ID_QLOFSU,4.6494983049806555e-05,0.0006963757577844701,5.218599460970827e-05,0.999204943264556
ID_QNGYRG,0.9997088918983446,8.802720905128356e-05,0.0001392949506833705,6.378594192070544e-05
ID_QOCKYY,0.8106072667208603,0.000440683272028774,0.1885270982806334,0.00042495172647756275
ID_QPQFUP,5.302763686775441e-05,0.999620177419625,5.9967016373946846e-05,0.00026682792713331004
ID_QQBJRO,4.289641243409948e-05,0.0005973630049814438,4.198271288741548e-05,0.999317757869697
ID_QRGJTL,0.9979445963391842,0.00018245606900503566,0.0017332841098336603,0.00013966348197707765
ID_QRHEXN,6.113272343973467e-05,0.9995722540119254,6.433105221026526e-05,0.00030228221242472095
ID_QRZZWA,0.9990276111169317,5.483992711517341e-05,0.0008702576822878057,4.7291273665304324e-05
ID_QSESQA,0.9988553948358364,0.00012319587266763058,0.000916011162621597,0.00010539812887434728
ID_QSGSHH,0.9990548261683496,5.6494598117899763e-05,0.0008403083250053379,4.837090852723849e-05
ID_QSVRON,0.9985876210615761,0.00014989697293576616,0.001139340940767521,0.00012314102472066627
ID_QTBPXG,0.0020729739793989635,5.2010199195091985e-05,0.9978293857691068,4.563005229902745e-05
ID_QTNNPA,0.0001064324895463388,1.6039917970536157e-05,0.9998638178480055,1.3709744477649491e-05
ID_QTPUJG,5.3216108026776435e-05,0.9994243488854824,6.465143333713301e-05,0.00045778357315367233
ID_QTTMED,7.082831817862762e-05,0.0010858418446802133,6.316861436254452e-05,0.9987801612227786
ID_QUMMZT,9.279404528291058e-05,0.9993898590619317,4.650074411336418e-05,0.0004708461486721613
ID_QURHKE,5.090246702225962e-05,0.9995942512800057,6.269356542342906e-05,0.00029215268754876836
ID_QVYSFM,0.00037045783924775157,0.00366378432731441,0.0004371861012372245,0.9955285717322006
ID_QWHBRI,0.0006253858117857681,6.809821124025349e-05,0.9992428470909637,6.366888601029038e-05
ID_QWQZCT,5.4886758224790126e-05,0.9995911772371695,6.0850388579813714e-05,0.0002930856160260209
ID_QWVCLM,6.377962842291324e-05,0.0011822917313658065,6.908020925321714e-05,0.9986848484309581
ID_QXKVOW,0.01081209675620798,0.0003257923936983789,0.9885530493824398,0.00030906146765381933
ID_QXLQMR,4.397030378670039e-05,0.9996107911717927,6.364266504311175e-05,0.0002815958593774183
ID_QXSOBJ,3.980247863454504e-05,0.9995590725577387,7.004578326963597e-05,0.0003310791803571104
ID_QYBWII,8.44890845357859e-05,0.002418489765675158,0.00011228271591349939,0.9973847384338755
ID_QZAJWB,4.263315582907494e-05,0.9995137555012586,0.00011857550058286419,0.00032503584232943905
ID_QZDQPX,0.9996067179062135,6.454208057350606e-05,0.00027871899917650294,5.00210140365001e-05
ID_QZGPGU,5.82110174298137e-05,0.9994880402385253,3.9162830026607046e-05,0.0004145859140182892
ID_QZIMFY,9.236406939295588e-05,0.0018737365187879754,0.0001038879839749188,0.9979300114278442
ID_RAWHIQ,4.38044180209577e-05,0.0014236275059468918,4.389218852774829e-05,0.9984886758875045
ID_RBPJIE,0.9985583231295568,0.00016291881362054172,0.0011504863209428923,0.00012827173587969556
ID_RBRTQO,4.514539401946876e-05,0.9994775367938756,0.00011800966732894953,0.00035930814477598636
ID_RBVWUL,0.9989298683001256,5.072435562364428e-05,0.0009768311348079986,4.257620944269509e-05
ID_RCJRPR,8.495662645114765e-05,0.0013668941314194383,5.5923993418653294e-05,0.9984922252487108
ID_RCRXQD,5.783349198988436e-05,0.9995008562805148,4.0991994041979136e-05,0.000400318233453371
ID_RCUVRF,4.3734186954272726e-05,0.9996223783654606,6.231837056034204e-05,0.00027156907702469385
ID_RCYKMF,4.112883397565011e-05,0.9996247157341072,6.668392895058999e-05,0.0002674715029665814
ID_RDHURE,0.8874464878281664,0.009979934116668268,0.09515176370734126,0.007421814347824152
ID_REMOGV,7.80011273558285e-05,0.0019313182573295843,7.091431918891872e-05,0.9979197662961257
ID_REULJL,5.6681380352652336e-05,0.9996026237291531,6.474068815260672e-05,0.0002759542023416155
ID_REYPNJ,0.00019671278142425222,0.0018103684264274905,0.00037346678072052683,0.9976194520114277
ID_RFKKZX,0.00037207831337465405,5.6784099415069815e-05,0.9995183918599778,5.274572723247112e-05
ID_RGCNWA,0.9989778392375439,4.663236120642015e-05,0.0009360779563823895,3.945044486719175e-05
ID_RGJGFW,4.109282683740085e-05,0.0005693320705247334,4.453616448251718e-05,0.9993450389381554
ID_RGTTHZ,0.999886729766343,2.7097597479635847e-05,6.322195223956953e-05,2.2950683937796746e-05
ID_RGWSWF,5.523842378019675e-05,0.0007915806508137671,5.281411528606918e-05,0.9991003668101199
ID_RHIKBI,0.00014514544727857126,1.7227748573607773e-05,0.9998218576003172,1.576920383057692e-05
ID_RIAKBG,0.0031966613659128776,6.318679682018511e-05,0.9966837679637244,5.63838735425991e-05
ID_RIKUDS,4.5506775702922666e-05,0.9994963399458853,0.00011609810689834823,0.0003420551715135346
ID_RJKRIP,5.2395549079453e-05,0.0008649661543969926,8.151255869072803e-05,0.9990011257378328
ID_RKOHFR,0.00011547689957016561,0.005004647215243498,6.357798232190571e-05,0.9948162979028644
ID_RKQIFO,0.00048625008243350113,2.0641842913216142e-05,0.9994724072997901,2.0700774863105498e-05
ID_RLMZSH,3.7188922983464374e-05,0.9996170933128092,7.369594371443194e-05,0.0002720218204929852
ID_RMLFIJ,0.00026171513805787664,0.9989552602502537,0.00010572040406620843,0.000677304207622196
ID_RMTSMJ,0.010185053172415514,0.00014640234874985008,0.9895307480630272,0.00013779641580737126
ID_RMWWZJ,5.851934742031342e-05,0.9995946131862562,7.42802676600211e-05,0.000272587198663612
ID_RNXHHA,4.4944812465090026e-05,0.0006394773803135525,4.879563480815769e-05,0.9992667821724133
ID_ROCPLC,0.00010516677936488779,0.00375580529053587,0.00013869036858756999,0.9960003375615117
ID_ROIPLG,3.1543408873303215e-05,1.1731157661098644e-05,0.9999464333525728,1.0292080892714103e-05
ID_RPPEEI,0.0006897899603503664,0.017814948625286858,0.002843178646487405,0.9786520827678754
ID_RRAGGS,3.921954368515558e-05,0.0006947483933614621,4.9600598943621966e-05,0.9992164314640098
ID_RRBFNL,0.028596800977673476,0.0004072322549788692,0.9706126727465861,0.00038329402076158115
ID_RRGPYK,0.00017253678665422555,0.006682770946117373,0.00023043126136194317,0.9929142610058664
ID_RRNXWU,0.0007110781270804043,0.9781210594413238,0.0005516517270811891,0.020616210704514637
ID_RRPSJN,8.359507539001597e-05,0.0020629540867837413,7.808071370214416e-05,0.9977753701241241
ID_RSCGZV,0.0002696989350068607,0.9930441067064875,0.0004005100856744746,0.006285684272831239
ID_RSOEDW,3.8819089271915844e-05,0.999604611607198,8.281016784396735e-05,0.0002737591356860573
ID_RSUGXE,0.00011241100788220397,2.140836322292263e-05,0.9998462549837175,1.9925645177373694e-05
ID_RTTNZC,4.6019579680587075e-05,0.999486397014589,0.00011754648860688534,0.000350036917123547
ID_RUCXQY,0.0010080407434361679,5.3214554381967696e-05,0.9988936981711447,4.5046531037142525e-05
ID_RUQJUY,6.862757677721634e-05,0.0008668661924253879,6.943495495502485e-05,0.9989950712758423
ID_RUTEEA,0.00028483585556946347,3.625457269601272e-05,0.9996457028052956,3.32067664389222e-05
ID_RUVILG,9.290472546412893e-05,2.5061938034726364e-05,0.9998583619918091,2.3671344692010816e-05
ID_RVUZXG,0.9984576658056094,7.609438811336464e-05,0.0014022817227624283,6.395808351482038e-05
ID_RWIORE,5.511436088069453e-05,9.152260538873085e-06,0.9999275340984051,8.199280175405312e-06
ID_RWROAQ,7.57311777609459e-05,0.9995918308418387,4.527529886900198e-05,0.0002871626815313684
ID_RWUAEX,7.454638992573459e-05,0.002777548286421945,6.736977805634999e-05,0.997080535545596
ID_RWYITO,0.9998498470197381,3.0289403095101895e-05,9.447926651631293e-05,2.538431065056605e-05
ID_RXLXBE,4.234964124910995e-05,0.000933601466723294,5.006187672332722e-05,0.9989739870153043
ID_RYQIAU,3.5032624678843307e-05,0.00039800791777837,6.293385240890732e-05,0.999504025605134
ID_RYQIJC,0.00020497283229494487,4.726245929563467e-05,0.9997021041361631,4.5660572246267265e-05
ID_SAUEVY,0.0006332145250128944,7.346580540172992e-05,0.9992301064258275,6.321324375773584e-05
ID_SBEIYW,4.429441518684825e-05,0.0008732525562253296,5.231546949187566e-05,0.999030137559096
ID_SCGIJI,0.00012763682731449776,2.2825708213613445e-05,0.9998273236955262,2.2213768945653935e-05
ID_SCHCGB,5.7382537732534336e-05,0.9996010612397026,6.560245481602539e-05,0.0002759537677487869
ID_SDLDMV,0.00011428848297746484,0.0019558136184090356,0.00010156770190850812,0.997828330196705
ID_SDQRVB,6.42014954067429e-05,5.3582097391680566e-05,0.9998287355596758,5.3480847525844105e-05
ID_SEZDZP,3.9016684987103674e-05,0.0009314137308093922,5.735479585346914e-05,0.9989722147883501
ID_SFBLCM,0.00044642275761774613,3.167016973446653e-05,0.9994936466194903,2.826045315747464e-05
ID_SFUMKA,3.12688404465106e-05,7.622285510140909e-06,0.9999544216219778,6.68725206558663e-06
ID_SFVMMH,0.00661983839708879,0.00010517273443119392,0.9931850949281285,8.989394035155022e-05
ID_SGNHCD,0.0003167801769696217,2.7436581186749747e-05,0.999630669512196,2.5113729647675787e-05
ID_SHDIID,4.332275340402491e-05,0.9996010521860212,6.508468735403331e-05,0.0002905403732206724
ID_SHDKUX,6.227728932042596e-05,0.999487787305606,8.857367593547363e-05,0.0003613617291381914
ID_SHQXHO,0.00016023222357169738,1.828144291474383e-05,0.9998047526450174,1.6733688496106783e-05
ID_SICHIC,0.000132238254712012,0.9995529513762597,4.827720754257239e-05,0.00026653316148581225
ID_SIFZMG,0.9982987722386931,0.00012360201670510738,0.0014765389997997325,0.00010108674480193971
ID_SJMQBD,8.150282775905406e-05,0.0015161330978277652,0.0001378693424443359,0.9982644947319688
ID_SLMINA,7.887528589369472e-05,0.9995343158325901,5.802329667702689e-05,0.00032878558483911497
ID_SLMYSY,9.147823128592511e-05,0.0010800654609586042,0.0001844683209835128,0.9986439879867719
ID_SLSSUE,0.9977780734542577,0.00027569063941345435,0.0017496677897944667,0.00019656811653421914
ID_SMBIHP,5.9257423703764056e-05,0.9995355563070056,6.768397735782551e-05,0.00033750229193280215
ID_SNITZY,4.662805881776632e-05,0.9995109934237408,8.919472115290725e-05,0.0003531837962884662
ID_SNMASC,6.013076284371102e-05,0.999434637968326,5.6292271518832065e-05,0.0004489389973113429
ID_SOEIUE,0.011376701460227373,0.0003184397187065064,0.9879808079297903,0.00032405089127586983
ID_SPALGS,6.080214632400513e-05,0.0010809837687336106,5.5784646838416874e-05,0.998802429438104
ID_SPXUQR,0.9995771126115414,4.8903168301542213e-05,0.0003332024977527741,4.0781722404207026e-05
ID_SRRBVW,0.9993574455367034,8.31405326378287e-05,0.0004899993680800795,6.94145625787301e-05
ID_STAGDU,7.011535548683943e-05,0.9994287210418901,8.680988737304549e-05,0.0004143537152500524
ID_STTQTU,0.005510957479338305,8.559849929944882e-05,0.9943199105006306,8.35335207316041e-05
ID_SUBIBF,6.31209247015791e-05,0.9995807519002669,7.723505498397446e-05,0.0002788921200475862
ID_SUBJSJ,0.0006239836923361874,0.0001384261995395128,0.9991073009794157,0.0001302891287085598
ID_SUTSJH,0.00015614587522376342,0.9992324040395143,0.0002498464063625972,0.0003616036788993702
ID_SVISXU,0.0011663398646538346,3.508530508784514e-05,0.998767793482412,3.078134784634106e-05
ID_SXADNZ,0.004964545671766191,0.0001672932216094253,0.994697920099055,0.00017024100756940985
ID_SXADYW,0.00019424870175565828,4.874329018482985e-05,0.9997065675584941,5.0440449565494943e-05
ID_SXCZVK,4.035884543639908e-05,0.0005424656675176324,5.5113059257875475e-05,0.9993620624277881
ID_SXNPKC,6.394905033075652e-05,0.9995867522377662,7.956673073530945e-05,0.0002697319811679114
ID_SZMORK,5.0049927546523104e-05,0.9996307793371662,5.0857535082918076e-05,0.0002683132002044115
ID_SZOAOB,0.9914858002649607,0.00018096515627099072,0.00818011083233721,0.00015312374643115987
ID_TAXEGB,0.0005962898989493286,2.1350883425940397e-05,0.9993636274717126,1.8731745912167245e-05
ID_TAXRNS,0.9974150167474753,7.29248885754801e-05,0.0024502936129785244,6.176475097056513e-05
ID_TBIUHC,4.816719023184921e-05,0.999612830073524,6.336607328522899e-05,0.0002756366629590111
ID_TBMOOG,4.599726304574437e-05,0.0006588891123005941,5.760215901900539e-05,0.9992375114656347
ID_TDWDXA,5.3210469433391086e-05,0.9994740073086346,0.00012969324734994576,0.0003430889745820711
ID_TEJVIO,0.017683526062548208,0.0003864181478995401,0.9816228261424287,0.0003072296471236525
ID_TFMMKM,0.0001069311978378961,0.0013676341980680153,6.345903242159086e-05,0.9984619755716725
ID_TFOYNB,8.437788596795183e-05,1.527479139917431e-05,0.9998855902494527,1.4757073180220706e-05
ID_THGEGJ,0.9981684633857053,8.72613107942148e-05,0.0016655565595788985,7.871874392161779e-05
ID_THXTJN,5.3733714994155796e-05,0.0006084432084353696,5.8453444424525085e-05,0.999279369632146
ID_TIKKOC,0.9997897830080344,3.655595800841754e-05,0.0001431759905325398,3.0485043424495947e-05
ID_TIVDWG,9.711284027046264e-05,0.0034436920973074984,7.133009191535548e-05,0.9963878649705067
ID_TJNQXM,0.0002483086546411577,2.3341745617633644e-05,0.9997072988201497,2.1050779591506798e-05
ID_TKNLZJ,0.004149729161392981,6.325656020921907e-05,0.9957268432707849,6.017100761297983e-05
ID_TMGNTU,4.012774677672782e-05,0.0007346116740562464,5.0393567434367604e-05,0.9991748670117326
ID_TMLHZP,0.9907805766822125,0.00021148289088991943,0.00882503565197882,0.00018290477491874837
ID_TMSZTO,0.9885434066662571,0.0005156000613982447,0.010476697115899986,0.00046429615644458765
ID_TNDXKP,8.435745678384337e-05,4.189714629760929e-05,0.9998337394997893,4.000589712930402e-05
ID_TNTYMU,0.040197286171861586,0.00039457534327097863,0.9590973733399054,0.0003107651449619893
ID_TQWIDM,6.191249634531718e-05,0.9996035622128321,4.187075389039489e-05,0.00029265453693214777
ID_TRMAWK,0.9991771540217333,3.66433997345992e-05,0.0007558819858128561,3.0320592719123177e-05
ID_TRZMLZ,0.0020582055245504617,0.0001795854261246567,0.9975931801160838,0.00016902893324107816
ID_TSSLAD,0.9970368096517611,5.057792315390506e-05,0.0028657102705223906,4.6902154562701294e-05
ID_TTFIOX,3.910236612173099e-05,0.9996320304841277,6.203606157874147e-05,0.00026683108817169865
ID_TTRXDO,0.9993830741649411,3.8726295942488046e-05,0.0005481688256353043,3.0030713481097064e-05
ID_TTRXNQ,4.034898762325005e-05,0.9996507263089968,6.310327187398973e-05,0.0002458214315059915
ID_TUTHLI,6.25136270287467e-05,0.0005595325673690629,7.23553801150677e-05,0.9993055984254872
ID_TVDXTF,6.958539808004283e-05,0.0010631537729326628,6.884790006827547e-05,0.998798412928919
ID_TVVOGT,0.9989520622417007,0.00011364693312492782,0.0008437492297033659,9.054159547104693e-05
ID_TWFOOH,0.9994694146330811,5.1159755155231345e-05,0.0004319888502246982,4.743676153891477e-05
ID_TWHCGX,0.9980697017583415,6.442627779749358e-05,0.0018117948651622748,5.4077098698703586e-05
ID_TWVGUH,4.375659315070892e-05,0.0005434376207775983,4.570987675676465e-05,0.9993670959093149
ID_TXPIAA,0.000999550510462205,0.9767568343477012,0.0009217414729334732,0.02132187366890298
ID_TZTWZL,0.9996273484309115,5.22837744723345e-05,0.00027437568223065135,4.59921123855536e-05
ID_TZWFLT,4.5998325114005584e-05,0.9996214738733104,6.095896801910952e-05,0.0002715688335566425
ID_UABYGB,0.004260849857062873,0.00010844532738785312,0.9955309155181696,9.97892973796054e-05
ID_UARLKT,3.4759249508043875e-05,0.0006193066190078455,4.864784384011974e-05,0.999297286287644
ID_UAVUGI,5.446969836585719e-05,0.000769235697430854,5.2764527488567804e-05,0.9991235300767147
ID_UAZQTA,0.0001009333616454541,1.796206128997362e-05,0.9998633844763347,1.772010072984351e-05
ID_UBEWPC,0.00028096481364607307,2.521049178071532e-05,0.9996719282443384,2.1896450234849903e-05
ID_UBLPMY,6.275466567512345e-05,0.9995339447593232,5.9175797184357035e-05,0.0003441247778173646
ID_UBTHLE,0.0001241399069722416,0.004517114974845244,0.0001242318573992493,0.9952345132607833
ID_UBVZZX,0.996757675347056,0.0002494687136295233,0.002794759239921748,0.00019809669939285242
ID_UDICHC,5.6520482838105457e-05,0.0013667770008430875,5.7806016627518456e-05,0.9985188964996914
ID_UFBZOV,5.621342909296765e-05,0.999606327739283,7.208913127776942e-05,0.00026536970034626877
ID_UFGHMX,0.00010551346257763037,0.0014337170991317856,0.00014649311884528087,0.9983142763194454
ID_UGFAUT,3.5856423998367256e-05,0.00041027008546345723,5.9060621752765064e-05,0.9994948128687854
ID_UGKPXK,3.7618648274836446e-05,0.0004591589611810808,4.137912235544596e-05,0.9994618432681887
ID_UHCXKF,6.333624764851077e-05,0.9993416031422776,7.753636021761339e-05,0.0005175242498562142
ID_UHJIFJ,0.997207912871614,6.954942065015297e-05,0.0026581262320759585,6.441147565989657e-05
ID_UIFJLE,4.3923178552980824e-05,1.2903490289057517e-05,0.9999318527259133,1.1320605244681838e-05
ID_UIJZCT,0.9771502370621874,0.0005964609426419903,0.021736317207558892,0.0005169847876117494
ID_UJNKSW,3.913785221815459e-05,0.0004842059910814182,4.704231673044207e-05,0.99942961383997
ID_UJTQRO,6.006988708935345e-05,0.9996159063425616,5.393791573216252e-05,0.0002700858546169486
ID_UJWTRH,5.5209926960501446e-05,0.0012288915901789881,7.22988339318197e-05,0.9986435996489287
ID_ULYCLD,0.00027224951916900446,0.01638370256819505,0.00030070608752819913,0.9830433418251077
ID_ULZRVC,4.828147608252578e-05,0.0009354581160936447,5.8427543835744194e-05,0.9989578328639881
ID_UMYAFU,6.293650083547782e-05,0.0008521823972068904,6.409874254293282e-05,0.9990207823594147
ID_UMZXKJ,0.00011974700195423929,1.5000529597402804e-05,0.9998524311121846,1.2821356263678777e-05
ID_UOIPKJ,5.5828017296794505e-05,0.0008383702493365423,8.64430100072265e-05,0.9990193587233595
ID_UOOAPA,0.9971598968921405,0.00016911972951008075,0.002548784012804502,0.00012219936554498005
ID_UOSZZU,0.0001791254533499424,2.3175403336313446e-05,0.9997773666878056,2.0332455508134878e-05
ID_UPIUVM,5.2236171810373856e-05,0.9996235033257626,4.266106609252001e-05,0.0002815994363345804
ID_URHMNJ,0.9967686840298681,0.00010248672744463869,0.003044392862203207,8.443638048407268e-05
ID_URMZQG,6.259760587184358e-05,0.9994634184938127,3.9984315355750474e-05,0.0004339995849596646
ID_URPUJI,0.0001447493034231394,0.0010052208268999834,0.00026529425528584467,0.998584735614391
ID_UTASYL,0.9965851544755011,0.00029745404987927,0.002854428631410366,0.00026296284320933297
ID_UUMDMC,4.5077399177336316e-05,0.9995419703847456,9.016332891067751e-05,0.00032278888716640285
ID_UVEWHH,0.00012994959830404707,3.981129571171323e-05,0.9997924150913989,3.7824014585305425e-05
ID_UVZRRF,0.9959466098723528,0.00012795690365589548,0.003807106730266662,0.00011832649372470273
ID_UWBLYI,5.25763929338928e-05,0.999572379416708,4.9162138918199285e-05,0.00032588205143998443
ID_UWFKLU,0.0003697837602375919,0.004320320403847158,0.00012762875587507818,0.9951822670800401
ID_UXNIQI,0.0006759593361103715,2.4478320920336192e-05,0.999278442224949,2.1120118020288598e-05
ID_UYOVRS,4.5828320760742975e-05,0.9994923173496089,0.00010590118103568814,0.0003559531485947608
ID_UYRVKP,0.0002202234487924344,0.004391073690244048,0.00010980984210793166,0.9952788930188555
ID_UZCADS,0.000922509164342472,4.5387652950038545e-05,0.9989909473462298,4.1155836477714034e-05
ID_UZDQMH,0.9943539732234132,0.0002570431200789953,0.005143878414048535,0.00024510524245934315
ID_VAESYJ,7.176749021253988e-05,0.0008444126720030441,5.550003161605861e-05,0.9990283198061684
ID_VAYSCY,0.0007615994556099703,0.031487928052322985,0.001232113748216879,0.9665183587438502
ID_VBVWJD,0.9996427056077685,6.408647184266353e-05,0.0002477927262335774,4.541519415531258e-05
ID_VCUOUA,0.9998434103178666,2.3190405567373698e-05,0.00011421037864624718,1.9188897919747944e-05
ID_VEGQTZ,0.9989249080762616,6.87535462688839e-05,0.000950106304409804,5.623207305963228e-05
ID_VEULTD,0.00027619348785549183,2.2776765067573347e-05,0.9996827086901074,1.832105696948824e-05
ID_VFAACQ,7.024149385539083e-05,2.2959788405532504e-05,0.99988481452545,2.198419228920681e-05
ID_VFJROL,0.9989378434103521,0.00013303752995224582,0.0008205359775906113,0.00010858308210498957
ID_VFYRUF,6.861942348423379e-05,0.9994591572358368,0.00011364339556602386,0.000358579945112893
ID_VHSOVP,4.429432538749303e-05,0.0014125824192811292,4.9146200253458e-05,0.9984939770550779
ID_VHVEKC,0.9951695468880711,6.452409624474515e-05,0.004711784152012013,5.414486367204624e-05
ID_VIFMCA,0.9979415897858936,5.8556697365024295e-05,0.0019452962167555562,5.4557299985733296e-05
ID_VIFPQA,4.042017212722876e-05,0.9995607139969309,9.115364784482473e-05,0.0003077121830969764
ID_VIJQDQ,5.850005274327802e-05,0.9996291121996822,4.4074993882960055e-05,0.0002683127536915634
ID_VIVXIR,7.946568693793203e-05,1.531805552947465e-05,0.9998904206938328,1.4795563699740679e-05
ID_VLJTAB,0.9922172672119131,0.00018660574049445764,0.007439496855090865,0.00015663019250164873
ID_VLTTHY,4.706334325268269e-05,0.9994366359467031,0.00015700726347167563,0.00035929344657254923
ID_VMCDLK,3.630329507906968e-05,0.9996016870697677,8.189641127046175e-05,0.00028011322388281145
ID_VMJTGH,9.187558413857139e-05,1.611759283562837e-05,0.9998765862092969,1.542061372899923e-05
ID_VMZNWI,3.573696639655161e-05,0.9996208327431061,7.429805034963947e-05,0.00026913224014775986
ID_VOHMHD,0.9968931561937066,9.54687585218426e-05,0.002929587766761367,8.178728101020964e-05
ID_VOMBSI,4.030497592613742e-05,0.0005232788356205017,4.618577027852271e-05,0.9993902304181748
ID_VPNYMF,0.0007509689403987987,8.156751258595434e-05,0.9990926793380517,7.478420896361869e-05
ID_VQAROW,0.995611506182929,0.00016230378656139176,0.0040914165108347205,0.00013477351967488836
ID_VRFSBR,5.959892065643801e-05,0.9996245566129021,4.1269235551889084e-05,0.0002745752308897374
ID_VRIWON,5.3094227215518587e-05,0.9996277419631127,4.2372291799376634e-05,0.000276791517872449
ID_VRTYHC,4.0794742271470406e-05,0.000642881488843746,4.924617449803273e-05,0.9992670775943868
ID_VSEPYP,3.715677645162215e-05,0.0004440626000705316,5.55396728806024e-05,0.9994632409505972
ID_VUFSVO,4.391649615699912e-05,0.0006754633656629263,5.257231859931603e-05,0.9992280478195807
ID_VVEYSN,0.00031442617703607794,3.841924299485064e-05,0.999612825461811,3.432911815804485e-05
ID_VWQBGB,0.000705918782026149,4.748498746302964e-05,0.9992024453490445,4.415088146634096e-05
ID_VWSOLR,0.0018725782091504426,8.579455278997634e-05,0.9979480979354467,9.352930261277523e-05
ID_WACWNE,8.529253106075328e-05,0.0030767223235954716,9.89571594892397e-05,0.9967390279858546
ID_WAZIVO,4.6876267878230194e-05,0.9995046475349214,9.843288648140569e-05,0.0003500433107189234
ID_WBMCVM,0.00018285964410188742,3.888155973591831e-05,0.9997389391591003,3.931963706184973e-05
ID_WBMMPZ,0.9984318223836427,3.821790179173141e-05,0.0014968158161517953,3.314389841387546e-05
ID_WCKSIF,0.00010884595924226925,1.4690872139082927e-05,0.9998622702167217,1.4192951896908604e-05
ID_WCZJPK,5.814626769914481e-05,0.0008351606569191233,7.645804168582595e-05,0.9990302350336959
ID_WECZXK,0.0008449607359329504,0.006451382857944555,0.000873212900171128,0.9918304435059514
ID_WEKMZT,0.8565107210250238,0.00043162147094804606,0.142683340246035,0.0003743172579932542
ID_WERGBL,3.2515575868815554e-05,1.248513368112708e-05,0.9999440457255241,1.095356492608757e-05
ID_WFEQIT,4.0348243740984916e-05,0.9995973984855593,7.823641275567301e-05,0.0002840168579439928
ID_WFFAQL,0.9993674710137718,3.600258097281097e-05,0.000566129870194839,3.0396535060607364e-05
ID_WFREVI,4.9951926396838944e-05,0.000831057723096164,5.2973787757016935e-05,0.99906601656275
ID_WGEOSC,4.1190172657300095e-05,0.0005599739010550263,4.937402001008769e-05,0.9993494619062775
ID_WHIUUU,0.9978216359257763,4.4265385805116814e-05,0.0020969374491034668,3.716123931509867e-05
ID_WHNZHM,4.240756119171456e-05,0.9995981343734366,8.937783707581225e-05,0.00027008022829588883
ID_WIGQLP,5.408573548024265e-05,0.9996366435219196,4.243841898508044e-05,0.00026683232361515073
ID_WITXOA,6.719628397481682e-05,0.9995329069835719,6.184257490415374e-05,0.0003380541575491055
ID_WIUMTC,0.9999187780502903,1.7049554437782275e-05,4.984207816738732e-05,1.4330317104528655e-05
ID_WJYUAL,4.36207577780144e-05,0.9996321689822789,5.5418067671779e-05,0.00026879219227129834
ID_WKPTIB,0.00013989736272605922,2.514188856308779e-05,0.999811496144554,2.3464604156827476e-05
ID_WKYNLU,0.0004214281110816427,2.7469140736494735e-05,0.9995264938381923,2.4608909989625417e-05
ID_WLADEH,0.00031910346462720677,2.5994784944643476e-05,0.9996330679002857,2.183385014233445e-05
ID_WLAYJI,5.152644828979518e-05,0.0012989521305361862,5.446807986328857e-05,0.9985950533413107
ID_WLNQUD,3.7266702653436336e-05,4.041984816007844e-05,0.9998811431712245,4.1170277962066464e-05
ID_WLOGEG,0.9996154084553003,3.730558439080989e-05,0.0003159302449092867,3.135571539957321e-05
ID_WLRZRX,7.937872614665073e-05,0.9995378731068145,5.787661228927319e-05,0.00032487155474947364
ID_WMWSQL,4.891749090168987e-05,0.001798838305672189,4.317921093926283e-05,0.9981090649924869
ID_WNGDEB,0.9989745442498833,8.820504196474856e-05,0.0008631135149827038,7.413719316919198e-05
ID_WNJPFT,0.9955814645372106,0.00023923307898841582,0.003968934675489586,0.00021036770831150164
ID_WNMRRC,0.0011189707819376968,7.526599063285964e-05,0.9987358045301904,6.995869723895532e-05
ID_WOZQOQ,0.9978916053330572,8.477238755422788e-05,0.0019451124299314716,7.850984945712086e-05
ID_WPGKPU,4.042589142954633e-05,0.9996121644040296,6.963586147847228e-05,0.00027777384306238454
ID_WSIIFG,6.537104944977455e-05,0.0007793792919358795,8.85964748162021e-05,0.9990666531837982
ID_WSMTLV,4.28523871711414e-05,0.999649746138465,5.302149966036682e-05,0.00025437997470358114
ID_WSWMZK,9.793325169864709e-05,0.002008575897066998,0.00014903436639194566,0.9977444564848424
ID_WTJDCG,4.5902185472825136e-05,0.9996314969889032,4.8953827808691905e-05,0.00027364699781529323
ID_WTODMY,7.203154607827768e-05,0.9993216760379414,0.00011872928780231253,0.0004875631281779709
ID_WTYLTM,0.00024926189831727324,4.496446925569029e-05,0.9996633040722394,4.2469560187647086e-05
ID_WUGFVI,5.544193196619193e-05,0.999586003591873,7.639315943270052e-05,0.00028216131672811185
ID_WUSJAO,0.00011118184500254273,0.008895800323788495,6.809974350108496e-05,0.9909249180877079
ID_WWPMSP,0.00010055364166176457,0.9994188872184615,0.00013471627033119908,0.000345842869545526
ID_WWVJZB,4.417637428506592e-05,0.0008012994310814813,6.139700818305547e-05,0.9990931271864504
ID_WXZKFS,0.9999107640864233,1.573765945282141e-05,6.062675272261241e-05,1.2871501401277247e-05
ID_WYUYMY,5.482757078222572e-05,0.9995842515132148,7.625640284697276e-05,0.00028466451315590027
ID_WYXUVZ,0.9984408147876279,9.824248788553097e-05,0.001384803416840825,7.613930764567628e-05
ID_WZCZVF,0.0002717395719220689,0.008813342754904805,0.0003290560508477157,0.9905858616223254
ID_XAJLRM,8.14686713325094e-05,0.9995353513138481,9.310145767657642e-05,0.00029007855714287853
ID_XAYTFP,0.08890967047486503,0.001074631448770659,0.9087359884125709,0.0012797096637935474
ID_XAZALC,0.00031228628936961496,0.003240471571793853,0.00017241755701337752,0.9962748245818231
ID_XBBAGH,0.00012724947221328555,4.423697405196957e-05,0.9997878075398863,4.070601384845614e-05
ID_XBLBFN,0.00010384512523560096,0.005576342690820333,7.364986954876467e-05,0.9942461623143953
ID_XBWYVZ,0.00010653410688307598,1.749210934937044e-05,0.9998600349754483,1.593880831926978e-05
ID_XCLVYX,5.502888378479431e-05,0.9995798558249294,3.935616280275957e-05,0.00032575912848303276
ID_XDCBML,2.7906609654352216e-05,7.268078992245133e-06,0.9999578779299526,6.947381400714387e-06
ID_XDFTZZ,6.0702129153371194e-05,0.0006079219076012068,5.3331538294424485e-05,0.999278044424951
ID_XDMVMM,8.797644855226858e-05,0.9994240123287002,0.00014773953478214384,0.0003402716879654895
ID_XEVQHX,4.865766999647245e-05,0.0006393142776918512,5.0127321417880345e-05,0.9992619007308938
ID_XFSLFU,0.9926850187339537,0.0005308517411074878,0.006396264794540329,0.00038786473039848483
ID_XFWNKY,0.012110470336098344,0.00013994693856623103,0.9876383150197672,0.00011126770556822752
ID_XGBUNW,0.0005814469078261859,7.130996039764142e-05,0.9992808720245533,6.637110722284751e-05
ID_XGFKEN,0.001119901471523178,3.5793006956551696e-05,0.9988097256591656,3.457986235469875e-05
ID_XGJMZC,4.3295573362437957e-05,0.0005373328629215891,4.676145396841556e-05,0.9993726101097476
ID_XGOABT,0.9993574269795803,2.985905910904198e-05,0.0005876171322794435,2.509682903117771e-05
ID_XHBQPF,0.9630283668017029,0.0001610735583241898,0.036670342931001285,0.0001402167089715022
ID_XHTZCI,4.435236165567192e-05,0.999472486333355,0.00013312925683351835,0.0003500320481559457
ID_XIEMWG,0.00019841484917621145,2.274477805073766e-05,0.9997587435775331,2.009679523988153e-05
ID_XIIOWV,0.00011147852765835481,0.9994590147666129,5.8927364885955435e-05,0.00037057934084270926
ID_XJRBMI,0.9971496974653226,0.0001137764932076146,0.0026292480906590096,0.00010727795081076562
ID_XJYLRF,4.9917733447917306e-05,0.9996347728224798,5.1345051357161624e-05,0.00026396439271512794
ID_XLDPZS,0.9981404779003911,0.00016098304628786825,0.001546419205409842,0.00015211984791123638
ID_XLDVCN,4.6637036372132303e-05,0.0008739629941056955,5.359808704551131e-05,0.9990258018824767
ID_XLUWLV,4.606794816099951e-05,0.0006322297237551319,4.7249887133567935e-05,0.9992744524409504
ID_XNGQBZ,0.9984694850768479,0.00010893078413008736,0.0013196729968958495,0.00010191114212619503
ID_XOQVRA,8.480004590121224e-05,0.9993704852454379,4.1923248145074596e-05,0.0005027914605157743
ID_XPHJMZ,4.2692929358597495e-05,0.9996256095514083,6.450092254948763e-05,0.00026719659668361607
ID_XREJEU,4.440494376081733e-05,0.0011772852370923585,7.02508535176448e-05,0.9987080589656291
ID_XRZHAV,0.0023320516757563917,4.6784981482455684e-05,0.9975766832032922,4.448013946896057e-05
ID_XSCGKH,4.260994729582763e-05,0.9996084217376809,5.8527365537640085e-05,0.000290440949485495
ID_XSITII,0.9968243765604103,0.00012508246363146568,0.002946231206031644,0.00010430976992649216
ID_XTJPEO,0.0003230034372689627,0.9981626496712562,0.00019915091245972766,0.0013151959790151297
ID_XUBQXT,0.9982657405388865,4.374962524020867e-05,0.0016530772953042214,3.743254056913266e-05
ID_XUKBYU,7.247099490478104e-05,0.9994908336475675,3.931509756432222e-05,0.0003973802599634142
ID_XVKNSD,4.9504481443780796e-05,0.000611564755392084,4.6775927484591826e-05,0.9992921548356796
ID_XVQFWW,0.9947162554555252,0.0001817488014957336,0.004939161384769401,0.0001628343582096898
ID_XVUIVT,0.00027125133262458046,1.765716318907961e-05,0.9996948035240174,1.6287980168863146e-05
ID_XXEXGF,0.00022676483682851904,5.0412012264834626e-05,0.9996759659007395,4.6857250167137096e-05
ID_XXPAOD,6.883983328924706e-05,0.0008773800241745192,6.614854831920614e-05,0.998987631594217
ID_XXVUFS,0.9941787899634379,9.971240815003408e-05,0.005632840480346218,8.865714806590557e-05
ID_XXYDBQ,5.3515059294505725e-05,0.9996157986392274,4.4244872153016696e-05,0.00028644142932508803
ID_XYJZIJ,6.326372808772507e-05,0.999485132556808,9.466120862285546e-05,0.00035694250648132716
ID_XYVFYX,0.0001110851441962303,0.0021772421489824768,9.572741233836286e-05,0.9976159452944829
ID_XYZFLF,0.0005566501607900755,6.383222304386007e-05,0.9993192272215723,6.0290394593718086e-05
ID_XZBUJB,7.313926214679224e-05,0.9994903496928427,0.00010042925404770427,0.0003360817909627696
ID_XZGAZR,2.569779017323271e-05,2.215827445191323e-05,0.9999349296427856,1.7214292589248716e-05
ID_YAUMQG,0.9974056714040991,0.00023375033428900302,0.002158609204800421,0.00020196905681152364
ID_YAUXJL,5.768381607766592e-05,0.99960239192373,4.284669267736039e-05,0.000297077567514786
ID_YBEXJU,9.341664896898382e-05,2.2612002070237305e-05,0.9998629254347996,2.1045914161167113e-05
ID_YBNOYC,6.368405048181877e-05,0.9994922455883224,0.00010097511616262703,0.00034309524503305
ID_YDZRTT,0.00020351921332746015,0.0024829240905215456,0.0003682229993393916,0.9969453336968116
ID_YENVJG,7.73807678004386e-05,0.0011692279997111477,7.230744991013046e-05,0.9986810837825782
ID_YFCWKA,0.999437191847737,4.144143138243663e-05,0.00048590909714982467,3.545762373069274e-05
ID_YGISHC,0.0015646937099421724,4.50487265769845e-05,0.9983495976327417,4.065993073914855e-05
ID_YIPVQW,3.946483660236689e-05,0.0005388619712839876,4.870993532229017e-05,0.9993729632567914
ID_YJTPWN,3.567720326060399e-05,9.845091380581167e-06,0.9999456577327425,8.819972616363528e-06
ID_YKYPOY,4.9246620048596684e-05,0.9995110453969633,9.353796021400444e-05,0.0003461700227740562
ID_YMJDMN,0.9950745946580918,0.00017522371320282429,0.004601824428123066,0.0001483572005823503
ID_YMUIJN,0.9993522743621792,0.00010414296425473667,0.0004582247610762963,8.535791248977585e-05
ID_YMVRHW,0.9946031669033853,0.0003829139208725366,0.004738588340719877,0.0002753308350222294
ID_YNVASN,0.0003164945660202109,1.5909157279717848e-05,0.9996527889641263,1.480731257371799e-05
ID_YNYVDX,7.311262027524352e-05,1.1140901901718842e-05,0.9999056042657775,1.0142212045555968e-05
ID_YOFONJ,4.241067475093019e-05,0.0008046843792497097,7.389582260820991e-05,0.9990790091233911
ID_YOZYCT,5.459284960180911e-05,0.9996012553402581,7.215025222652796e-05,0.00027200155791353505
ID_YPEUWH,0.00012362527370446438,4.636824644709796e-05,0.9997868592967989,4.3147183049504196e-05
ID_YQOIHQ,6.222948725994595e-05,0.9995219457349834,7.96025271479532e-05,0.0003362222506087022
ID_YRGNQU,0.0002207787575911363,0.009869359783147456,0.0003786451034795126,0.9895312163557819
ID_YSKBBI,8.504706758766919e-05,0.0010073069909921654,6.674672306043305e-05,0.9988408992183597
ID_YTKUUL,0.00015625499352446922,3.614350953958843e-05,0.999773767281311,3.3834215625082264e-05
ID_YTOJQQ,4.803575150229491e-05,0.9994964841686742,0.00010479548634253003,0.0003506845934809627
ID_YUEGJH,8.547645410384585e-05,1.4878637456126239e-05,0.999886591451836,1.3053456604020432e-05
ID_YUXJAI,0.9968693446092676,9.410829563347111e-05,0.002948607975963102,8.793911913588684e-05
ID_YVMIEX,8.85186329582911e-05,0.0013560418185672952,0.00011326528378811288,0.9984421742646863
ID_YWABZN,0.0002593228381705422,6.743838387647942e-05,0.9996107774321095,6.24613458434474e-05
ID_YWBMIU,0.00012609657259462007,0.0016108525900017541,0.00021711232325503642,0.9980459385141486
ID_YXBJNZ,4.409540782110914e-05,1.2365270342991163e-05,0.9999316751987674,1.186412306863595e-05
ID_YXVKZR,8.977321206963234e-05,1.572459977336012e-05,0.999879199154004,1.5303034153006733e-05
ID_YXWOUQ,4.9872977212133234e-05,0.9996203076904056,4.474849517672392e-05,0.0002850708372055828
ID_YXYPNE,5.0949082165255404e-05,0.9996279158326077,4.485611414927576e-05,0.00027627897107791835
ID_YYKHQJ,4.791155674259719e-05,0.0010467195314642853,4.932507718780167e-05,0.9988560438346054
ID_YYKIRN,4.376075461828156e-05,0.9996207356924824,5.5703193612054827e-05,0.0002798003592873181
ID_YYOCYN,0.05361808653577048,0.00036748216874796816,0.9456920286390975,0.0003224026563839619
ID_YZJCKD,0.9995476365673915,3.4315910456599916e-05,0.0003889831944789527,2.9064327672829234e-05
ID_YZUYOS,0.9996249740008226,2.8997289962335877e-05,0.00032123433083614916,2.4794378378927742e-05
ID_ZAFLWS,5.856608918741476e-05,0.0011114488323363068,5.649439658801677e-05,0.9987734906818883
ID_ZANNAE,0.0006623440758450159,5.291139283355919e-05,0.9992363127499774,4.843178134417047e-05
ID_ZBAENY,0.9997366501529528,3.5342669119240404e-05,0.00020206385102826012,2.594332689965847e-05
ID_ZCEXAD,0.00032026785907070395,0.003003874143116029,0.0004569256750840387,0.9962189323227293
ID_ZCOHNC,3.697796402542996e-05,0.0004930262285311155,5.167388102639628e-05,0.999418321926417
ID_ZCQPZJ,5.614567947560163e-05,0.0007245207538623418,6.630196315833387e-05,0.9991530316035037
ID_ZDAUAT,0.9984171123877448,5.07150159483543e-05,0.001481891166425594,5.028142988120123e-05
ID_ZDCEPH,7.078073720365412e-05,0.9995087685933517,5.420328760381722e-05,0.0003662473818408797
ID_ZDXTOM,6.772407831303965e-05,0.002748065762736221,5.218675500827372e-05,0.9971320234039425
ID_ZGPWDB,0.9998232498730392,2.269663450670839e-05,0.00013633840975736002,1.7715082696716593e-05
ID_ZIMSNW,5.51402644206365e-05,0.9996187390885954,5.378809481670788e-05,0.0002723325521671867
ID_ZIQGRT,4.210656651082197e-05,0.0007705788812292238,4.70294025875329e-05,0.9991402851496725
ID_ZIZGXX,0.9995521756012041,2.9564282004162772e-05,0.00039370214160047555,2.4557975191187804e-05
ID_ZJDYLK,0.9991361541315196,6.161524434088138e-05,0.0007446932892720839,5.753733486747892e-05
ID_ZKEAEO,0.9863364563669672,0.00018434595399146383,0.01331690638614576,0.0001622912928955208
ID_ZLFEAA,0.0016579278800045994,4.86972291576565e-05,0.9982499205732974,4.345431754033551e-05
ID_ZLNIVC,5.058583128622761e-05,0.0006487108761345246,5.259105521629886e-05,0.999248112237363
ID_ZLNTXR,0.9994810038205297,3.2855948258648195e-05,0.0004583391636496335,2.780106756197065e-05
ID_ZMEKSI,6.81262765270907e-05,2.5459473826807998e-05,0.9998825239637037,2.389028594240597e-05
ID_ZMZPNF,5.128895764611823e-05,0.9994557748491669,0.00013038895355562197,0.0003625472396314686
ID_ZNJUOS,0.0005002530027451615,7.966011060679058e-05,0.9993411968960381,7.888999060992402e-05
ID_ZOAAVW,0.00016182908179829023,2.2642620460863593e-05,0.9997926305488375,2.2897748903407575e-05
ID_ZOCTOI,3.364532159371737e-05,9.857730652335186e-06,0.9999476442146519,8.852733101997242e-06
ID_ZOJNBU,0.9995386118555922,5.7309384160901125e-05,0.0003534491974466081,5.062956280017835e-05
ID_ZPHTGI,0.9989769681399706,4.899033993005644e-05,0.0009298056193208335,4.4235900778601495e-05
ID_ZPMIGD,0.9957800987312726,0.00020143786627530667,0.003855424066233014,0.00016303933621915483
ID_ZPRUAS,3.6011791345106974e-05,0.999609294326391,8.091174039706003e-05,0.00027378214186687494
ID_ZPVCGH,3.972487084829465e-05,0.0008612776104959633,4.183438429909283e-05,0.9990571631343566
ID_ZPWGNB,0.0006043937607908412,7.366974267305919e-05,0.9992446459493226,7.729054721350797e-05
ID_ZQJSXK,0.0004876717411031428,2.2653414491794204e-05,0.9994684692645558,2.1205579849251806e-05
ID_ZQPHOL,0.0010358212924825704,5.4354685217857534e-05,0.9988641786402628,4.5645382036775954e-05
ID_ZQTHSJ,3.668432292623666e-05,0.0004452826051859827,6.889301750708895e-05,0.9994491400543807
ID_ZRCWCQ,0.0007422868609777136,3.370651989971088e-05,0.9991904178821399,3.35887369827212e-05
ID_ZRRDIN,5.120418544540328e-05,0.0005944195819090609,7.069422136062788e-05,0.9992836820112849
ID_ZTKFQH,0.00011811372407409162,0.0037971430900871437,0.00017030416162900331,0.9959144390242097
ID_ZTRJPX,5.84992910408664e-05,0.9996112423637892,5.8692288098866615e-05,0.0002715660570711684
ID_ZUTVQY,0.9979087040809238,0.00011139260801198059,0.0018843866567023221,9.551665436183204e-05
ID_ZWFLBS,4.033101557680501e-05,0.0005396273815634664,4.181279502960482e-05,0.9993782288078301
ID_ZWKWIN,4.644788032960484e-05,0.0010043118415764443,5.3083944678191514e-05,0.9988961563334158
ID_ZWMJPU,6.300063112363657e-05,0.0011621306198292035,6.336576455934326e-05,0.9987115029844879
ID_ZWUJFO,0.040093897713958805,0.00034731524759828243,0.9593132830732906,0.00024550396515239924
ID_ZXNUDJ,0.9929591744565947,0.0005934218039020567,0.006026872399524934,0.0004205313399783237
ID_ZXTCJH,0.00013157661049095038,0.00462602292368634,0.00017440777147252834,0.9950679926943502
ID_ZZIPPX,0.9997872844985981,2.9282061719993274e-05,0.00016057832877434665,2.2855110907560832e-05
ID_ZZWUCJ,0.0006292813516789208,6.39960897349516e-05,0.9992498438898408,5.6878668745392315e-05
